"","순번","단지명","회사명","대표자명","공장대표주소_도로명","공장대표주소_지번","대표업종번호","업종명","전화번호","생산품","용지면적","건축면적","지역"
"1","3",NA,"(주)갓바위","이현준","경상북도 영천시 청통면 애련길 253-28","경상북도 영천시 청통면 애련리 385번지",11119,"기타 발효주 제조업","054-336-8997","생약주",1630,958.5,"청통면"
"2","5",NA,"(주)거성피엔피","변재수","경상북도 영천시 청통면 청통초등길 33-1","경상북도 영천시 청통면 신학리 631-1번지",22212,"플라스틱 필름 제조업 외 1 종","054-336-0479","PP평판시트",3306,1289.48,"청통면"
"3","6","영천화산농공단지","(주)거평그린","윤태순","경상북도 영천시 화산면 화산공단길 35 외 1필지","경상북도 영천시 화산면 유성리 200-2번지 외 1필지",13104,"연사 및 가공사 제조업","053-852-5674","인조잔디 연사",12130,4576.52,"화산면"
"4","12",NA,"(주)경안플랜트","김주환","경상북도 영천시 청통면 관방길 67-15","경상북도 영천시 청통면 송천리 558-3 번지",25113,"육상 금속 골조 구조재 제조업 외 1 종","054-338-5558","구조용 금속제품",12222,5123.16,"청통면"
"5","39",NA,"(주)네츄럴라이프","정민성","경상북도 영천시 청통면 용내길 72-41 외 1필지","경상북도 영천시 청통면 계지리 287-10 외 1필지",23323,"플라스터 혼합제품 제조업","054-337-3233","친환경에코보드,액자,소품 등",5019,1653.61,"청통면"
"6","40",NA,"(주)농업회사법인 케이푸드","이은영","경상북도 영천시 화산면 연유길 156","경상북도 영천시 화산면 연계리 496-1",10122,"육류 포장육 및 냉동육 가공업 (가금류 제외)",NA,"황제유황돼지 부분육",2170,1498.56,"화산면"
"7","42",NA,"(주)다물인터내셔널","정국교","경상북도 영천시 청통면 금송로 719-27","경상북도 영천시 청통면 송천리 479-14번지",22223,"플라스틱 창호 제조업",NA,"플라스틱 창호",1653,504,"청통면"
"8","48",NA,"(주)다인피에스피","전재도","경상북도 영천시 화산면 연계리 556-2번지 외 2필지","경상북도 영천시 화산면 연계리 556-2번지 외 2필지",17909,"그 외 기타 종이 및 판지 제품 제조업 외 1 종",NA,"고형진정제(펄프제 성형제품)",3381,1207.38,"화산면"
"9","55",NA,"(주)대린정공","박필재","경상북도 영천시 청통면 청통로 113-7 외 1필지","경상북도 영천시 청통면 우천리 182번지 외 1필지",30320,"자동차 차체용 신품 부품 제조업 외 1 종","054-337-0173","브라켓",4460,1667.13,"청통면"
"10","58",NA,"(주)대아에스엔에스","손원균","경상북도 영천시 신녕면 완전공단길 24","경상북도 영천시 신녕면 완전리 700-9번지",20203,"혼성 및 재생 플라스틱 소재 물질 제조업 외 1 종","054-335-9395","플라스틱, 섬유재생원료",7359,1751.95,"신녕면"
"11","76",NA,"(주)도투락","이종환","경상북도 영천시 화산면 유성길 75-4","경상북도 영천시 화산면 유성리 816번지",11209,"기타 비알코올 음료 제조업","054-335-9811","음료, 건강식품",1703,528.66,"화산면"
"12","89",NA,"(주)동유식품","정용진","경상북도 영천시 청통면 애련길 275-16 (총 4 필지) 외 1필지","경상북도 영천시 청통면 애련리 415-1번지 외 1필지",10402,"식물성 유지 제조업 외 1 종","054-336-7277","참기름, 고추",5887,1996.73,"청통면"
"13","102",NA,"(주)디케이에스글로벌","양종덕","경상북도 영천시 신녕면 완전공단길 15 (DKS(주)) (총 2 필지)","경상북도 영천시 신녕면 완전리 700-4번지",25113,"육상 금속 골조 구조재 제조업","054-331-8333","써포트, 동바리, 안전비계",6367,4058.04,"신녕면"
"14","107","영천화산농공단지","(주)리유산업","표주백","경상북도 영천시 화산면 화산공단길 26","경상북도 영천시 화산면 유성리 200-8번지",13229,"기타 직물제품 제조업","054-338-8818","신소재응용제품(에어매트)",0,1185.6,"화산면"
"15","108",NA,"(주)리치팜","최경태","경상북도 영천시 청통면 장수로 574 ((주)리치팜)","경상북도 영천시 청통면 호당리 981번지",20312,"복합비료 및 기타 화학비료 제조업","053-963-7053","제4종 복합비료",300,300,"청통면"
"16","109",NA,"(주)매직엘이디 청통지점","남승우","경상북도 영천시 청통면 신원길 57-16","경상북도 영천시 청통면 신원리 235-1",26519,"비디오 및 기타 영상기기 제조업","053-964-6600","비디오 및 기타영상기기 제조업",4442,1710.36,"청통면"
"17","119","영천화산농공단지","(주)미래공간","박수남","경상북도 영천시 화산면 화산공단길 39","경상북도 영천시 화산면 유성리 200-16번지",25999,"그 외 기타 분류 안된 금속 가공 제품 제조업 외 2 종","054-331-7857","석재조형물, 금속조형물",0,324,"화산면"
"18","121",NA,"(주)범웅리사이클링","백성부","경상북도 영천시 화산면 신화로 972","경상북도 영천시 화산면 화산리 305번지",23324,"콘크리트 타일, 기와, 벽돌 및 블록 제조업","054-338-1332","콘크리트근가(전봇대 결속매립용)",4232,288.51,"화산면"
"19","130","영천화산농공단지","(주)사조대림 영천공장","김상훈","경상북도 영천시 화산면 화산공단길 17 외 1필지","경상북도 영천시 화산면 유성리 200-3번지 외 1필지",10743,"장류 제조업 외 2 종","054-335-8881","간장,고추맛기름, 팝콘",20754,14803.14,"화산면"
"20","135",NA,"(주)삼안레미콘","성준호","경상북도 영천시 신녕면 신화로 93 ((주)삼안콘크리트)","경상북도 영천시 신녕면 화성리 161번지",23322,"레미콘 제조업","054-336-0920","레미콘",9900,1212,"신녕면"
"21","136",NA,"(주)삼안콘크리트","서만윤","경상북도 영천시 신녕면 신화로 93 ((주)삼안콘크리트) 외 1필지","경상북도 영천시 신녕면 화성리 161번지 (주)삼안콘크리트 외 1필지",23325,"콘크리트 관 및 기타 구조용 콘크리트 제품 제조업","054-336-0088","콘크리트제품",20091,4167.71,"신녕면"
"22","141",NA,"(주)삼일과수산업","공동환","경상북도 영천시 청통면 계포리 346번지","경상북도 영천시 청통면 계포리 346번지",17221,"종이 포대 및 가방 제조업",NA,"과일 재배용 봉지",2831,1012.96,"청통면"
"23","145",NA,"(주)생초록농원","최성구","경상북도 영천시 청통면 대평리 1210번지 외 1필지","경상북도 영천시 청통면 대평리 1210번지 외 1필지",10741,"식초, 발효 및 화학 조미료 제조업","054-334-7171","마늘식초",2835,998.7,"청통면"
"24","147",NA,"(주)선학산업","박선련","경상북도 영천시 청통면 청통로 774 외 1필지","경상북도 영천시 청통면 계포리 301-1 외 1필지",28511,"주방용 전기기기 제조업 외 6 종","054-336-3662","가스랜지, 씽크대, 주방기구 등",2600,493.02,"청통면"
"25","148",NA,"(주)선학산업","박선련","경상북도 영천시 청통면 청통로 776-1","경상북도 영천시 청통면 계포리 303-1번지",29250,"음ㆍ식료품 및 담배 가공기계 제조업 외 6 종","054-336-3662","주방기구 등",690,489.5,"청통면"
"26","150",NA,"(주)성일코퍼레이션","장미옥","경상북도 영천시 청통면 금송로 719-25","경상북도 영천시 청통면 송천리 479-17번지",25111,"금속 문, 창, 셔터 및 관련제품 제조업",NA,"금속문",2514,1224,"청통면"
"27","170","영천화산농공단지","(주)세진","안홍석","경상북도 영천시 화산면 화산공단길 36","경상북도 영천시 화산면 유성리 200-9번지",13219,"특수 직물 및 기타 직물 직조업 외 2 종","054-335-3559","화섬직물,유기질비료",18100,7413.74,"화산면"
"28","174",NA,"(주)송천","윤인자","경상북도 영천시 청통면 관방길 144-12 (총 3 필지) 외 2필지","경상북도 영천시 청통면 송천리 642번지 외 2필지",25943,"금속 스프링 제조업","054-338-9600","스프링,와샤, 피스제조",6468,2348.75,"청통면"
"29","181",NA,"(주)신도이엔브이(ENV)","김민철","경상북도 영천시 청통면 청통로 556 (총 3 필지) 외 2필지","경상북도 영천시 청통면 신학리 26-1번지 외 2필지",22222,"설치용 및 위생용 플라스틱제품 제조업","054-336-4745","물탱크",1508,858.32,"청통면"
"30","190",NA,"(주)신영스틸","장창근,문철영","경상북도 영천시 청통면 금송로 847-66 외 1필지","경상북도 영천시 청통면 원촌리 462-2번지 외 1필지",25113,"육상 금속 골조 구조재 제조업 외 1 종","054-338-0831","조립식펄재비계(써포트)",28148,5467.61,"청통면"
"31","191",NA,"(주)신영스틸 2공장","장창근, 문철영",NA,"경상북도 영천시 청통면 보성리 546-14",25113,"육상 금속 골조 구조재 제조업","054-338-9164","조립식 철재비계 (작업발판)",7893,2088.45,"청통면"
"32","192",NA,"(주)신원금속","김준석","경상북도 영천시 청통면 신학리 427-14번지 외 3필지","경상북도 영천시 청통면 신학리 427-14번지 외 3필지",24222,"알루미늄 압연, 압출 및 연신제품 제조업","054-336-1472","알루미늄 프로파일",5620,1507.5,"청통면"
"33","195",NA,"(주)신풍","정 장 수","경상북도 영천시 신녕면 완전공단길 21 (㈜신동)","경상북도 영천시 신녕면 완전리 700-6번지",22241,"운송장비 조립용 플라스틱제품 제조업 외 2 종","054-337-7688","프라스틱사출성형,연사임가공",3376,2411.6,"신녕면"
"34","199",NA,"(주)썬폴리폼영천공장","석재민","경상북도 영천시 청통면 청통로 428-30","경상북도 영천시 청통면 보성리 546-7번지",22251,"폴리스티렌 발포 성형제품 제조업","054-331-7708","xp썬보드",19900,3620.18,"청통면"
"35","205",NA,"(주)아우노","권재원","경상북도 영천시 청통면 용내길 72-47","경상북도 영천시 청통면 신학리 427-3",10720,"설탕 제조업","053-587-7110","설탕(아우노슈가)",10358,2591.97,"청통면"
"36","206",NA,"(주)아이엔에스랜드","이재수","경상북도 영천시 청통면 청통로 556-34 ((주)아이엔에스랜드)","경상북도 영천시 청통면 신학리 4-1번지",16229,"기타 건축용 나무제품 제조업 외 3 종","054-331-5201","구조물용 철강재봉,형재,관 및 가공품",2112,840,"청통면"
"37","210",NA,"(주)에스앤티","허재무","경상북도 영천시 화산면 장수로 688 (에스제이코리아㈜)","경상북도 영천시 화산면 삼부리 331-2번지",24132,"강관 제조업 외 1 종","054-339-2300","강관(자동차부품소재)",20114,7906.14,"화산면"
"38","223",NA,"(주)엘비산업","유성호","경상북도 영천시 청통면 신원길 136-10","경상북도 영천시 청통면 신원리 318번지",38321,"비금속류 해체 및 선별업 외 1 종","054-336-3795","재생원료",2420,393.48,"청통면"
"39","238",NA,"(주)올래 농업회사법인","이주현","경상북도 영천시 청통면 애련길 11 외 2필지","경상북도 영천시 청통면 계포리 284-3번지 외 2필지",10309,"기타 과실ㆍ채소 가공 및 저장 처리업",NA,"깐마늘",3312,743.85,"청통면"
"40","249",NA,"(주)우진종합식품 농업회사법인","강명재","경상북도 영천시 청통면 용내길 72-48","경상북도 영천시 청통면 신학리 427-11번지",10121,"가금류 가공 및 저장 처리업","054-336-5281","오리고기 포장육",3802,1336.2,"청통면"
"41","256",NA,"(주)위드조경","정광수","경상북도 영천시 화산면 납이길 69 외 4필지","경상북도 영천시 화산면 암기리 1027번지 외 4필지",16101,"일반 제재업 외 5 종","054-338-8112","각재,판재,금속재울타리,운동시설물",5085,1077.4,"화산면"
"42","263",NA,"(주)유제이 테크","박배식","경상북도 영천시 청통면 보성리 638-2번지","경상북도 영천시 청통면 보성리 638-2번지",29142,"기어 및 동력전달장치 제조업 외 3 종","054-334-4005","등속조인트, 유니버설조인트",1796,982.14,"청통면"
"43","267",NA,"(주)은해","안소윤","경상북도 영천시 청통면 관방길 156","경상북도 영천시 청통면 송천리 645-10번지",29269,"기타 섬유, 의복 및 가죽 가공 기계 제조업 외 1 종","054-338-0093","섬유기계(방사기), 파이프연결구",9305,2695.16,"청통면"
"44","272",NA,"(주)자두푸드시스템","곽혁태","경상북도 영천시 청통면 계포1길 3-2","경상북도 영천시 청통면 계포리 305-2번지",10220,"수산식물 가공 및 저장 처리업","053-741-4540","김자반",828,270.46,"청통면"
"45","285",NA,"(주)제이더블유바이오","박영호","경상북도 영천시 화산면 가일길 20-10","경상북도 영천시 화산면 연계리 337번지",20423,"화장품 제조업","053-427-1201","화장품(헤어토닉)",6236,1307.7,"화산면"
"46","290",NA,"(주)제이티엠","정의택","경상북도 영천시 청통면 송천공단길 20","경상북도 영천시 청통면 송천리 9-5",13104,"연사 및 가공사 제조업",NA,"폴리에스터장섬유 분사 및 가공사",4447,2822.75,"청통면"
"47","295",NA,"(주)좋은외장","이주호","경상북도 영천시 청통면 아랫죽정길 21","경상북도 영천시 청통면 죽정리 359-2번지",25112,"구조용 금속 판제품 및 공작물 제조업","053-283-4311","알루미늄 복합판넬",1603,327,"청통면"
"48","305",NA,"(주)창언이엔지","박인호","경상북도 영천시 청통면 신학리 631-6번지","경상북도 영천시 청통면 신학리 631-6번지",29163,"컨베이어장치 제조업 외 2 종","054-334-9000","컨베이어,협잡물처리기 등",1753,566,"청통면"
"49","308",NA,"(주)천호","김석호","경상북도 영천시 청통면 사일로 543-13","경상북도 영천시 청통면 신덕리 468",25113,"육상 금속 골조 구조재 제조업","054-337-3314","철구조물",4702,1770,"청통면"
"50","317",NA,"(주)케이에이치","안도영","경상북도 영천시 청통면 관방길 144-12","경상북도 영천시 청통면 송천리 642-5번지",24123,"철강선 제조업 외 2 종","054-338-9600","금속스프링, 와샤, 철선제조",4380,1932.75,"청통면"
"51","325",NA,"(주)키프코","김성철","경상북도 영천시 청통면 청통로 556-26","경상북도 영천시 청통면 신학리 7번지",29242,"광물처리 및 취급장비 제조업","054-331-0482","산업기계",3252,1183,"청통면"
"52","329",NA,"(주)태극인 농업회사법인","김상진","경상북도 영천시 화산면 당곡리 20-1번지","경상북도 영천시 화산면 당곡리 20-1번지",21220,"한의약품 제조업","054-336-2895","한의약조제품",2277,490,"화산면"
"53","330",NA,"(주)태산","허광옥","경상북도 영천시 신녕면 완전공단길 23 ((주)태산)","경상북도 영천시 신녕면 완전리 700-7번지",10613,"곡물 혼합분말 및 반죽 제조업","054-332-3004","혼합조제분말(팥앙금)",7660,3578.31,"신녕면"
"54","331",NA,"(주)태산강판","박용원","경상북도 영천시 청통면 청통로 280 외 8필지","경상북도 영천시 청통면 우천리 996 외 8필지",25119,"기타 구조용 금속제품 제조업","053-852-8778","칼라성형간판",15512,5805.68,"청통면"
"55","334",NA,"(주)태우산업","김병석","경상북도 영천시 청통면 청통로 284 외 2필지","경상북도 영천시 청통면 우천리 997-11번지 외 2필지",25913,"자동차용 금속 압형제품 제조업 외 1 종","054-338-9454","철판",6998,2468.31,"청통면"
"56","335","영천화산농공단지","(주)태원이엔지","최재일","경상북도 영천시 화산면 화산공단길 27","경상북도 영천시 화산면 유성리 200-14번지",30320,"자동차 차체용 신품 부품 제조업 외 1 종","054-336-7506","도어프레임",8300,1993.54,"화산면"
"57","343",NA,"(주)티케이텍","엄미영","경상북도 영천시 청통면 청통초등길 27","경상북도 영천시 청통면 신학리 631-8",22211,"플라스틱 선, 봉, 관 및 호스 제조업","054-335-0318","합성수지전선관",2712,1062.4,"청통면"
"58","347",NA,"(주)팜텍21","황형규","경상북도 영천시 청통면 사일로 367-11","경상북도 영천시 청통면 대평리 673-1번지",20312,"복합비료 및 기타 화학비료 제조업 외 1 종","053-850-3756","비료제품",201.48,201.48,"청통면"
"59","363",NA,"(주)한국기계","백성기","경상북도 영천시 청통면 청통로 646-3","경상북도 영천시 청통면 신학리 538-12번지",29210,"농업 및 임업용 기계 제조업","054-333-7806","농업용자동화기계(마늘건조기 등)",1650,493.5,"청통면"
"60","368",NA,"(주)한백창호","강병관","경상북도 영천시 청통면 송천리 473-15번지 외 6필지","경상북도 영천시 청통면 송천리 473-15 외 6필지",22223,"플라스틱 창호 제조업","054-335-6216","플라스틱 창호",9860,3180,"청통면"
"61","370",NA,"(주)한샘생활건강","안병천","경상북도 영천시 청통면 보성공단길 43 외 1필지","경상북도 영천시 청통면 보성리 542-14번지 외 1필지",20422,"치약, 비누 및 기타 세제 제조업 외 1 종","054-336-5700","워셔액",7052,1945.26,"청통면"
"62","372",NA,"(주)한스케미칼","한명동","경상북도 영천시 화산면 장수로 1340","경상북도 영천시 화산면 대안리 1103-1번지",22212,"플라스틱 필름 제조업 외 1 종","053-743-7761","플라스틱 필름",8357,3650.41,"화산면"
"63","373",NA,"(주)한영전기판금엔지니어링","이수용","경상북도 영천시 청통면 청통로 428-40 외 1필지","경상북도 영천시 청통면 보성리 546-11번지 외 1필지",25112,"구조용 금속 판제품 및 공작물 제조업","054-333-8198","전용기 기계카바",4000,1235.77,"청통면"
"64","376",NA,"(주)현준정밀","권용호","경상북도 영천시 청통면 송천리 850번지","경상북도 영천시 청통면 송천리 850번지",29294,"주형 및 금형 제조업","053-592-5090","금형",11582.7,3954.69,"청통면"
"65","385",NA,"(주)홍성산업","이해우","경상북도 영천시 청통면 송천리 645-2번지 외 5필지","경상북도 영천시 청통면 송천리 645-2번지 외 5필지",30399,"그 외 자동차용 신품 부품 제조업 외 3 종",NA,"자동차소음방지용스틸부품",8017,2776.56,"청통면"
"66","393",NA,"(주)화인케미칼","김강준","경상북도 영천시 화산면 가일길 24","경상북도 영천시 화산면 연계리 333-1번지",22212,"플라스틱 필름 제조업","054-335-8428","P.E필름",1985,996.54,"화산면"
"67","401",NA,"J.K산업","신경애, 권현아","경상북도 영천시 청통면 용호길 81 외 1필지","경상북도 영천시 청통면 용천리 646-4 번지 외 1필지",24131,"주철관 제조업","054-331-9994","주철관연결구 및 밸브",1368,856.05,"청통면"
"68","407",NA,"거양산업","조철우","경상북도 영천시 청통면 송천리 585 번지 외 2필지 외 2필지","경상북도 영천시 청통면 송천리 585 번지 외 2필지 외 2필지",30399,"그 외 자동차용 신품 부품 제조업 외 3 종","054-726-0014","자동차부품",3531,1265.05,"청통면"
"69","411",NA,"경농산업","장재욱","경상북도 영천시 청통면 금송로 857-66 외 3필지","경상북도 영천시 청통면 원촌리 468-1번지 외 3필지",29210,"농업 및 임업용 기계 제조업 외 1 종","054-338-9200","궤도형 동력운반차,보행형 스피드 스프레이어, 건조기",19673,8225,"청통면"
"70","412",NA,"경도래핑","김중현","경상북도 영천시 청통면 계지리 297-11번지 외 1필지","경상북도 영천시 청통면 계지리 297-11번지 외 1필지",16211,"박판, 합판 및 유사 적층판 제조업 외 1 종","054-336-7741","PVC샷시 무늬목",4264,1371.42,"청통면"
"71","413",NA,"경도창호","김중현","경상북도 영천시 청통면 용내길 65","경상북도 영천시 청통면 계지리 297-16번지",22223,"플라스틱 창호 제조업",NA,"플라스틱 창호",2652,996,"청통면"
"72","415",NA,"경북농축산영농조합","김형식","경상북도 영천시 화산면 대암길 136","경상북도 영천시 화산면 대기리 406-1",10796,"건강보조용 액화식품 제조업","054-338-7570","건강액화식품(음료)",5419,1756.5,"화산면"
"73","429","영천화산농공단지","극동섬유(주)영천","이실경","경상북도 영천시 화산면 화산공단길 26","경상북도 영천시 화산면 유성리 200-8번지",13104,"연사 및 가공사 제조업","054-335-1437","연사 및 가공사",10662,3708.69,"화산면"
"74","434",NA,"금속제조","최수만","경상북도 영천시 신녕면 화남리 936-3번지","경상북도 영천시 신녕면 화남리 936-3번지",25999,"그 외 기타 분류 안된 금속 가공 제품 제조업",NA,"금속파레트",2314,913.3,"신녕면"
"75","446",NA,"노천도예공방","양권용","경상북도 영천시 신녕면 어릿골길 203 (총 2 필지) 외 1필지","경상북도 영천시 신녕면 매양리 710-0번지 외 1필지",23221,"가정용 및 장식용 도자기 제조업","054-335-8918","도자기,그릇",890,141,"신녕면"
"76","453",NA,"농업회사법인 (주)한도","김석호","경상북도 영천시 청통면 사일로 543-9 (한성산업(주)) (총 2 필지)","경상북도 영천시 청통면 우천리 1202-1번지",10619,"기타 곡물 가공품 제조업","054-337-3314","미숫가루,누룽지",2699,1073.36,"청통면"
"77","454",NA,"농업회사법인 (주)한도","김석호","경상북도 영천시 청통면 사일로 543 외 2필지","경상북도 영천시 청통면 우천리 1202-12 외 2필지",10619,"기타 곡물 가공품 제조업","054-337-3314","누룽지류",7376,1200,"청통면"
"78","456",NA,"농업회사법인 대신농산(주)","신인호","경상북도 영천시 청통면 송천리 263 번지","경상북도 영천시 청통면 송천리 263 번지",10309,"기타 과실ㆍ채소 가공 및 저장 처리업",NA,"깐양파",3401,1344.6,"청통면"
"79","457",NA,"농업회사법인 대영농원(주)","우대일","경상북도 영천시 청통면 애련리 167번지 외 1필지","경상북도 영천시 청통면 애련리 167번지 외 1필지",10799,"그 외 기타 식료품 제조업","054-336-7401","계란가공품(구운, 염지, 액란)",9995,5825,"청통면"
"80","461",NA,"농업회사법인 월성 주식회사","박희춘","경상북도 영천시 청통면 장수로 1195-25","경상북도 영천시 청통면 용천리 437-8번지",10309,"기타 과실ㆍ채소 가공 및 저장 처리업",NA,"채소가공품",2962,996.45,"청통면"
"81","462",NA,"농업회사법인 조에허브(주)(2공장)","조선미","경상북도 영천시 청통면 청통로 413-16","경상북도 영천시 청통면 보성리 562-1",10309,"기타 과실ㆍ채소 가공 및 저장 처리업","054-331-5377","농산물가공품(세척, 절단)",2194,592.8,"청통면"
"82","468",NA,"농업회사법인 주식회사 안동농산","이철희","경상북도 영천시 청통면 호암길 12","경상북도 영천시 청통면 호당리 628-3번지",10309,"기타 과실ㆍ채소 가공 및 저장 처리업","054-337-7389","깐마늘",3051,1309.6,"청통면"
"83","471",NA,"농업회사법인 주식회사 청통본가","배형기","경상북도 영천시 청통면 신원길 57 외 4필지","경상북도 영천시 청통면 신원리 236-2 외 4필지",10619,"기타 곡물 가공품 제조업","054-337-8033","누룽지",5139,2988.81,"청통면"
"84","472",NA,"농업회사법인 주식회사 홀그레인호밀농장","류한욱","경상북도 영천시 화산면 대암길 64","경상북도 영천시 화산면 암기리 434-2번지",10619,"기타 곡물 가공품 제조업",NA,"식품제조가공(곡류차 등)",203,175.2,"화산면"
"85","485",NA,"농업회사법인(주)신흥농산 신녕지점","홍해식","경상북도 영천시 신녕면 찰방길 42-204 외 1필지","경상북도 영천시 신녕면 매양리 180-1 외 1필지",10309,"기타 과실ㆍ채소 가공 및 저장 처리업",NA,"농산물 단순가공(고추)",9398,4141.36,"신녕면"
"86","486",NA,"농업회사법인(주)어니스트파머","류현숙","경상북도 영천시 청통면 우천리 70번지 외 1필지","경상북도 영천시 청통면 우천리 70번지 외 1필지",10792,"차류 가공업 외 1 종","054-335-8732","한방차,건강기능식품",2784,910.5,"청통면"
"87","487",NA,"농업회사법인(주)연정바이오","정재석","경상북도 영천시 신녕면 신정길 59-54","경상북도 영천시 신녕면 신덕리 340-6",16102,"표면 가공 목재 및 특정 목적용 제재목 제조업 외 1 종",NA,"서까래, 톱밥",9280,2788,"신녕면"
"88","492",NA,"농업회사법인(주)천연식품","임경만, 임재성","경상북도 영천시 신녕면 완전리 532번지 외 1필지","경상북도 영천시 신녕면 완전리 532번지 외 1필지",10741,"식초, 발효 및 화학 조미료 제조업","054-338-1145","발효식초",11150,3911.2,"신녕면"
"89","495<span class='ico-chk'></span>",NA,"농업회사법인(주)한국팜","송영삼","경상북도 영천시 청통면 한티길 8-26","경상북도 영천시 청통면 죽정리 652-52번지",10801,"배합 사료 제조업 외 1 종",NA,"보조사료",1648,199,"청통면"
"90","505",NA,"대도섬유","김상도","경상북도 영천시 청통면 보성공단길 20","경상북도 영천시 청통면 보성리 542-3번지",13104,"연사 및 가공사 제조업","054-335-9692","폴리에스텔",1523,785.88,"청통면"
"91","511",NA,"대명섬유","김옥수","경상북도 영천시 청통면 송천공단길 29-1","경상북도 영천시 청통면 송천리 534-1번지",13104,"연사 및 가공사 제조업","054-335-8862","연사",7381,2268.57,"청통면"
"92","517",NA,"대신산업(주)","윤기섭","경상북도 영천시 화산면 장수로 770-16","경상북도 영천시 화산면 당곡리 43-1",25923,"도장 및 기타 피막처리업","054-336-8600","도장 및 피막",5105,1275,"화산면"
"93","522",NA,"대양산업","유은경,최한달","경상북도 영천시 청통면 계포리 349-1번지","경상북도 영천시 청통면 계포리 349-1번지",13922,"어망 및 기타 끈 가공품 제조업","054-701-1300","조개망",1834,499.05,"청통면"
"94","525",NA,"대연에스이(주)","변유미","경상북도 영천시 화산면 연유길 170","경상북도 영천시 화산면 덕암리 98-7",25112,"구조용 금속 판제품 및 공작물 제조업","054-701-1668","바닥재(철강재) 주차장 바닥재 등",6838,1608.5,"화산면"
"95","527",NA,"대영정밀","이종식","경상북도 영천시 화산면 연유길 168","경상북도 영천시 화산면 덕암리 98-5",30399,"그 외 자동차용 신품 부품 제조업","054-706-7444","자동차부품 (차체, 시트)",6639,1877.65,"화산면"
"96","529",NA,"대우산업","정말분, 조구호","경상북도 영천시 청통면 애련길 10 외 1필지","경상북도 영천시 청통면 계포리  239-17 외 1필지",22299,"그 외 기타 플라스틱 제품 제조업","054-331-0578","농자재",1783,692.7,"청통면"
"97","530",NA,"대우양행","정말분","경상북도 영천시 청통면 애련길 16 외 2필지","경상북도 영천시 청통면 계포리  246-4 외 2필지",22211,"플라스틱 선, 봉, 관 및 호스 제조업","054-331-0578","농사용 호스(파이프)",1695,360,"청통면"
"98","531",NA,"대운산업","이일영","경상북도 영천시 신녕면 신정길 101","경상북도 영천시 신녕면 신덕리 308-1번지",17211,"골판지 제조업 외 1 종","054-0331-9960","종이앵글",2755,1092.5,"신녕면"
"99","534",NA,"대유스틸","이종언","경상북도 영천시 청통면 우천리 997-13번지 외 2필지","경상북도 영천시 청통면 우천리 997-13번지 외 2필지",24199,"그 외 기타 1차 철강 제조업",NA,"C-형강",6866,1968,"청통면"
"100","544",NA,"대혁농산","윤정만","경상북도 영천시 청통면 계지리 622-3번지 외 1필지 외 1필지","경상북도 영천시 청통면 계지리 622-3번지 외 1필지",10309,"기타 과실ㆍ채소 가공 및 저장 처리업","054-331-0157","깐마늘",1628,402,"청통면"
"101","548",NA,"덕산이앤지","권순홍","경상북도 영천시 청통면 관방길 177-13","경상북도 영천시 청통면 송천리 715번지",29299,"그 외 기타 특수목적용 기계 제조업 외 1 종","054-706-7530","자동화기계",3765,1077.9,"청통면"
"102","550",NA,"도운섬유","김원락,권영호","경상북도 영천시 청통면 신덕1길 7-10","경상북도 영천시 청통면 우천리 553-1번지",13219,"특수 직물 및 기타 직물 직조업","054-338-8700","스크린샤",2370,1209.2,"청통면"
"103","555",NA,"동근산업","이상근","경상북도 영천시 청통면 관방길 74","경상북도 영천시 청통면 송천리 350번지",13213,"화학섬유직물 직조업","054-335-0990","화섬직물",1738,939.24,"청통면"
"104","556",NA,"동도엔지니어링","이종환","경상북도 영천시 청통면 송천공단길 19","경상북도 영천시 청통면 송천리 5-16번지",25924,"절삭가공 및 유사처리업","054-335-0734","노즐, 금형부분품",1350,550.24,"청통면"
"105","564",NA,"동보씨엔에스","윤미정","경상북도 영천시 청통면 청통로 541","경상북도 영천시 청통면 신학리 28번지",13213,"화학섬유직물 직조업","054-335-3101","화섬직물(커튼원단)",5999,951.75,"청통면"
"106","572","영천화산농공단지","동양종합기계","왕혜숙","경상북도 영천시 화산면 화산공단길 32","경상북도 영천시 화산면 유성리 200-12",29210,"농업 및 임업용 기계 제조업","054-335-5771","가정용도정기, 농산물건조기",5100,1509.15,"화산면"
"107","576",NA,"동인연사","황인제","경상북도 영천시 청통면 보성공단길 26","경상북도 영천시 청통면 보성리 543번지",13104,"연사 및 가공사 제조업","054-336-3338","연사",2332,907.69,"청통면"
"108","580",NA,"동일바이오텍","이종호",NA,"경상북도 영천시 화산면 연계리 산 33-8",29210,"농업 및 임업용 기계 제조업",NA,"아쿠아포닉스 기기",4284,621.2,"화산면"
"109","586","영천화산농공단지","동화산업","황명숙","경상북도 영천시 화산면 화산공단길 20 ((주)동화산업)","경상북도 영천시 화산면 유성리 200-7번지",13104,"연사 및 가공사 제조업 외 1 종","054-335-1395","연사,싸이딩",7942,4910.97,"화산면"
"110","593",NA,"드림산업(주)","이성식","경상북도 영천시 청통면 청통로 175-1","경상북도 영천시 청통면 우천리 371-3번지",17221,"종이 포대 및 가방 제조업","054-333-1302","과일재배용봉지",658,330,"청통면"
"111","600","영천화산농공단지","리테크엔지니어링","권진희","경상북도 영천시 화산면 화산공단길 39","경상북도 영천시 화산면 유성리 200-16번지",27213,"물질 검사, 측정 및 분석기구 제조업 외 4 종","054-335-7181","수위계,유량계,자동제어반,농도계등",0,324,"화산면"
"112","601",NA,"마이스터RV","이정영","경상북도 영천시 청통면 송천리 473-5번지","경상북도 영천시 청통면 송천리 473-5번지",30203,"트레일러 및 세미트레일러 제조업",NA,"캠핑트레일러",3506,644,"청통면"
"113","602",NA,"마이텍스","마진훈","경상북도 영천시 청통면 청통로 211-13 외 1필지","경상북도 영천시 청통면 우천리 630 번지 외 1필지",13104,"연사 및 가공사 제조업","054-336-1468","폴리에스텔 가공사",4711,2058.02,"청통면"
"114","605",NA,"명동산업","문성수","경상북도 영천시 청통면 보성공단길 8","경상북도 영천시 청통면 보성리 538번지",13213,"화학섬유직물 직조업","054-335-9695","화섬직물",3131,1360.06,"청통면"
"115","610",NA,"문성섬유","이종근","경상북도 영천시 화산면 용평리 228-1번지 외 1필지 외 1필지","경상북도 영천시 화산면 용평리 228-1번지 외 1필지",13104,"연사 및 가공사 제조업","054-335-4565","연사",1439,494.68,"화산면"
"116","628",NA,"보구자동화","신근영","경상북도 영천시 청통면 금송로 847-53 외 1필지","경상북도 영천시 청통면 송천리 267-1번지 외 1필지",29210,"농업 및 임업용 기계 제조업 외 1 종","054-332-7750","병버섯 기계시스템(자동화)",4246,1715.65,"청통면"
"117","629",NA,"보성","조동영","경상북도 영천시 청통면 보성길 134","경상북도 영천시 청통면 보성리 320번지",25929,"그 외 기타 금속가공업",NA,"산업,건설용 케이스 등",1016,396.4,"청통면"
"118","632",NA,"봉천섬유","서임수","경상북도 영천시 청통면 보성공단길 29","경상북도 영천시 청통면 보성리 544-2번지",13219,"특수 직물 및 기타 직물 직조업","054-331-4970","폴리에스테르,연사",1884,1036,"청통면"
"119","637",NA,"부영연사","위재영","경상북도 영천시 청통면 애련길 28-15","경상북도 영천시 청통면 계포리 258-3",13104,"연사 및 가공사 제조업","054-335-6711","연사제품",818,422.6,"청통면"
"120","638",NA,"부흥섬유","이정숙","경상북도 영천시 청통면 사일로 367-17","경상북도 영천시 청통면 대평리 685번지",13104,"연사 및 가공사 제조업","054-331-9490","폴리에스텔임가공",1551,947.82,"청통면"
"121","639",NA,"비봉섬유","신환준","경상북도 영천시 청통면 송천공단길 15","경상북도 영천시 청통면 송천리 5-4번지",13213,"화학섬유직물 직조업",NA,"합성섬유작물",2304,1397.38,"청통면"
"122","640",NA,"삼광자전거(주)","이진호","경상북도 영천시 청통면 금송로 1050 외 5필지","경상북도 영천시 청통면 신학리 507번지 외 5필지",31991,"자전거 및 환자용 차량 제조업","054-336-6336","자전거",15105,4421.96,"청통면"
"123","641",NA,"삼녕영농조합법인","권태봉","경상북도 영천시 신녕면 장수로 2289 ((주)삼녕농산)","경상북도 영천시 신녕면 화남리 1360번지",20312,"복합비료 및 기타 화학비료 제조업 외 1 종","054-332-1766","유기질비료",3454,1598,"신녕면"
"124","643",NA,"삼성유리공업(주)","전재석","경상북도 영천시 청통면 관방길 124 외 3필지","경상북도 영천시 청통면 송천리 610-4번지 외 3필지",23129,"기타 산업용 유리제품 제조업 외 2 종","054-331-1919","강화유리",20842,6127.41,"청통면"
"125","652",NA,"삼우엔지니어링(주)","진명희","경상북도 영천시 화산면 덕암리 92-1번지","경상북도 영천시 화산면 덕암리 92-1번지",29132,"기체 펌프 및 압축기 제조업 외 2 종","054-765-7972","충전식펌프,유압산업용공구,AC/DC소형모터",3170,796,"화산면"
"126","657",NA,"새양연사","유해진","경상북도 영천시 청통면 보성공단길 22","경상북도 영천시 청통면 보성리 542번지",13109,"기타 방적업","054-335-9208","폴리에스텔연사",1460,906.5,"청통면"
"127","659",NA,"서광섬유","황정옥,천재우","경상북도 영천시 청통면 신덕1길 7-5","경상북도 영천시 청통면 우천리 521번지",13104,"연사 및 가공사 제조업","054-337-1906","연사",1493,824.88,"청통면"
"128","660",NA,"서광정경","하용도","경상북도 영천시 청통면 사일로 367-15","경상북도 영천시 청통면 대평리 688-3번지",13104,"연사 및 가공사 제조업",NA,"폴리에스테르 정경",1551,830.92,"청통면"
"129","663","영천화산농공단지","서호전설(주)","정지률","경상북도 영천시 화산면 화산공단길 39, 주6동","경상북도 영천시 화산면 유성리 200-16번지 주6동",28114,"에너지 저장장치 제조업 외 7 종","054-331-3912","분전반, 배전반, 자동기제어반, 계장제어장치, 접속반, 프로세스제어반, 영상감시장치, CCTV카메라 등",324,324,"화산면"
"130","664",NA,"서희창호","서경희","경상북도 영천시 청통면 청통로 556-10","경상북도 영천시 청통면 신학리 7-3번지",22229,"기타 건축용 플라스틱 조립제품 제조업 외 1 종","054-336-7171","PVC창문및 문틀,알루미늄샷시문",4862,1700,"청통면"
"131","665",NA,"선테크","윤선규","경상북도 영천시 청통면 보성공단길 32","경상북도 영천시 청통면 보성리 542-1 번지",30399,"그 외 자동차용 신품 부품 제조업","054-335-5882","자동차부품",4755,1919.55,"청통면"
"132","668",NA,"성림기계공업사","임경용","경상북도 영천시 청통면 금송로 1039","경상북도 영천시 청통면 계포리 239-2번지",29299,"그 외 기타 특수목적용 기계 제조업 외 1 종","054-336-0127","인조잔디 제조기계",972,398.43,"청통면"
"133","671",NA,"성심정밀(주)","이두형","경상북도 영천시 청통면 신학리 520-6번지 외 8필지","경상북도 영천시 청통면 신학리 520-6번지 외 8필지",30320,"자동차 차체용 신품 부품 제조업 외 1 종","054-338-6988","자동차부품철판브라켓류",9321,3214.56,"청통면"
"134","676",NA,"성일이엔지","임태순","경상북도 영천시 청통면 사일로 543-10 외 1필지","경상북도 영천시 청통면 우천리 산 214번지 외 1필지",25113,"육상 금속 골조 구조재 제조업 외 1 종","054-337-0240","철강재구조물",5034,1104,"청통면"
"135","679",NA,"성하물류","윤석찬","경상북도 영천시 청통면 청통로 541 외 1필지","경상북도 영천시 청통면 신학리 30-1번지 외 1필지",25119,"기타 구조용 금속제품 제조업","054-333-3056","파레트,철구조물",9391,1718,"청통면"
"136","687",NA,"세웅섬유","방종근","경상북도 영천시 청통면 송천공단길 29","경상북도 영천시 청통면 송천리 5-5번지",13219,"특수 직물 및 기타 직물 직조업","054-336-6679","화섬직물",2693,2255.03,"청통면"
"137","688",NA,"세진산업(주)","전미진","경상북도 영천시 신녕면 신덕리 311-5번지","경상북도 영천시 신녕면 신덕리 311-5번지",17221,"종이 포대 및 가방 제조업","054-332-9426","과일재배용 봉지",1989,1600.14,"신녕면"
"138","689",NA,"세진테크","손해진","경상북도 영천시 청통면 청통로 286 외 1필지","경상북도 영천시 청통면 우천리 997-15 외 1필지",25111,"금속 문, 창, 셔터 및 관련제품 제조업 외 3 종","054-333-8654","금속문, 행가도어, 플라스틱 창호, 철구조물",8681,2698,"청통면"
"139","690",NA,"세창산업","정진섭","경상북도 영천시 청통면 송천리 761번지","경상북도 영천시 청통면 송천리 761번지",22299,"그 외 기타 플라스틱 제품 제조업",NA,"플라스틱사출가공품",1851,498,"청통면"
"140","694",NA,"소영섬유","김만자","경상북도 영천시 청통면 송천공단길 9","경상북도 영천시 청통면 송천리 5-11",13223,"커튼 및 유사제품 제조업","054-336-3560","커텐",1765,1171.93,"청통면"
"141","695",NA,"소영정경","박종학","경상북도 영천시 청통면 송천리 산 54-8번지","경상북도 영천시 청통면 송천리 산 54-8번지",13104,"연사 및 가공사 제조업","054-336-3560","연사",766,510.1,"청통면"
"142","696",NA,"소통","양현아","경상북도 영천시 청통면 청통로 782","경상북도 영천시 청통면 계포리 399-1번지",14199,"그 외 기타 봉제의복 제조업","053-426-7766","마스크, 천연염색디자인 봉제",1204,294.84,"청통면"
"143","703",NA,"승일제대(주)","전미진","경상북도 영천시 신녕면 신정길 107","경상북도 영천시 신녕면 신덕리 310-1번지",17221,"종이 포대 및 가방 제조업",NA,"과일재배용봉지",3306,1433.84,"신녕면"
"144","705",NA,"신동산석류비누","조진욱","경상북도 영천시 신녕면 신화로 68-6","경상북도 영천시 신녕면 화성리 363-0번지",20422,"치약, 비누 및 기타 세제 제조업","054-336-4977","비누",800,334.4,"신녕면"
"145","706",NA,"신명","배영희","경상북도 영천시 청통면 송천리 642-2번지 외 1필지","경상북도 영천시 청통면 송천리 642-2번지 외 1필지",17211,"골판지 제조업 외 1 종","054-335-1226","골판지 상자",4092,1060,"청통면"
"146","708",NA,"신성산업(주)","김성태","경상북도 영천시 화산면 삼부리 357-4번지 외 1필지","경상북도 영천시 화산면 삼부리 357-4번지 외 1필지",30320,"자동차 차체용 신품 부품 제조업 외 1 종","054-336-8700","자동차부품(버라켓트)",4990,2049.69,"화산면"
"147","713",NA,"신원유통가공","김현자","경상북도 영천시 신녕면 관기길 113","경상북도 영천시 신녕면 화성리 280번지",10129,"육류 기타 가공 및 저장처리업 (가금류 제외) 외 1 종",NA,"통닭 절단품",1000,200.8,"신녕면"
"148","715",NA,"신일종합농기계","김경호","경상북도 영천시 청통면 대동로 420","경상북도 영천시 청통면 치일리 310-0",29210,"농업 및 임업용 기계 제조업",NA,"분무기",1639,495.8,"청통면"
"149","720",NA,"신흥농산","홍해식","경상북도 영천시 청통면 거조길 34 외 1필지","경상북도 영천시 청통면 계지리 715 외 1필지",10309,"기타 과실ㆍ채소 가공 및 저장 처리업",NA,"절단마늘",2947,1591.98,"청통면"
"150","724",NA,"쓰리엠맘","박준우","경상북도 영천시 화산면 장수로 620","경상북도 영천시 화산면 삼부리 231-2번지",10309,"기타 과실ㆍ채소 가공 및 저장 처리업",NA,"액상차",2030,1122.4,"화산면"
"151","726",NA,"씨티에스(주)","석준수","경상북도 영천시 청통면 송천리 269번지","경상북도 영천시 청통면 송천리 269번지",29174,"기체 여과기 제조업",NA,"공기정화기(소형집진기)",3361,660,"청통면"
"152","753",NA,"엔더블유이엔씨","이정화","경상북도 영천시 청통면 송천리 367-1번지 외 3필지","경상북도 영천시 청통면 송천리 367-1번지 외 3필지",25113,"육상 금속 골조 구조재 제조업 외 1 종",NA,"조립식철재비계",6532,2163.8,"청통면"
"153","758",NA,"엘케이(LK)산업","이권용","경상북도 영천시 청통면 보성공단길 31-7 (총 3 필지) 외 2필지","경상북도 영천시 청통면 보성리 544-1번지 외 2필지",30399,"그 외 자동차용 신품 부품 제조업 외 3 종",NA,"자동차방음 및 단열재(부직포)",2929,993.5,"청통면"
"154","762","영천화산농공단지","영남산기","변용성","경상북도 영천시 화산면 화산공단길 39","경상북도 영천시 화산면 유성리 200-16번지",29131,"액체 펌프 제조업 외 1 종","054-337-0311","펌프",5517,1454.01,"화산면"
"155","767",NA,"영신도정공장","김태흔","경상북도 영천시 화산면 구성길 23-38 외 1필지","경상북도 영천시 화산면 유성리 235-2번지 외 1필지",10611,"곡물 도정업","054-335-8800","곡물도정",8139,4254.72,"화산면"
"156","770",NA,"영진글로벌","정순희","경상북도 영천시 청통면 애련리 351번지","경상북도 영천시 청통면 애련리 351번지",13104,"연사 및 가공사 제조업",NA,"원사 임가공",2595,983.2,"청통면"
"157","771",NA,"영진산업","이명자","경상북도 영천시 청통면 사일로 575","경상북도 영천시 청통면 우천리 532-1번지",13104,"연사 및 가공사 제조업","054-336-0558","연사",2061,632.14,"청통면"
"158","786",NA,"영화훼라이트(주)","오창훈","경상북도 영천시 화산면 장수로 1110-4 외 2필지","경상북도 영천시 화산면 연계리 621-7번지 외 2필지",26299,"그 외 기타 전자부품 제조업 외 1 종","054-335-2580","훼라이트코어",10870,5143.44,"화산면"
"159","789",NA,"예건정밀","이왕구","경상북도 영천시 청통면 송천리 578번지","경상북도 영천시 청통면 송천리 578번지",30399,"그 외 자동차용 신품 부품 제조업 외 3 종",NA,"자동차엔진오일순환용 관",886,353.01,"청통면"
"160","794",NA,"온리허브","상희선","경상북도 영천시 청통면 애련리 389번지 외 1필지","경상북도 영천시 청통면 애련리 389번지 외 1필지",10309,"기타 과실ㆍ채소 가공 및 저장 처리업 외 1 종",NA,"돼지감자차,대추차,한방차",544,214.27,"청통면"
"161","801",NA,"우림섬유","조현미","경상북도 영천시 청통면 월평길 1","경상북도 영천시 청통면 우천리 1103-1번지",13104,"연사 및 가공사 제조업","054-337-9450","연사",1426,793.95,"청통면"
"162","806",NA,"우신텍스(TEX)","전경호","경상북도 영천시 화산면 석촌1길 10","경상북도 영천시 화산면 삼부리 347-4번지",13104,"연사 및 가공사 제조업",NA,"연사",2783,1338.83,"화산면"
"163","810",NA,"우천산업","박진숙","경상북도 영천시 청통면 어부길 50-12 (총 3 필지) 외 2필지","경상북도 영천시 청통면 우천리 799-0번지 외 2필지",38321,"비금속류 해체 및 선별업 외 1 종","054-337-1320","HIPS칩",2025,844.26,"청통면"
"164","815",NA,"월드허브(주)","정동익","경상북도 영천시 화산면 장수로 675","경상북도 영천시 화산면 삼부리 350-1번지",21220,"한의약품 제조업","054-334-1715","감초 등",800,280,"화산면"
"165","818",NA,"웰리온소금","박미성","경상북도 영천시 신녕면 장수로 1446-11","경상북도 영천시 신녕면 완전리 70-3번지",10741,"식초, 발효 및 화학 조미료 제조업 외 1 종","054-336-5555","조제소금,감미용조제품",4084,1849.16,"신녕면"
"166","819",NA,"웰빙고(주)","김성현","경상북도 영천시 청통면 청통로 646-18 외 2필지","경상북도 영천시 청통면 신학리 526-6 외 2필지",28511,"주방용 전기기기 제조업 외 1 종","053-856-8777","현미 발아기, 현미 누룽지",2709,493.5,"청통면"
"167","829",NA,"유진연사","유성곤","경상북도 영천시 청통면 청통로 86","경상북도 영천시 청통면 우천리 67-1번지",13104,"연사 및 가공사 제조업","054-332-1152","연사제조",3564,1149.58,"청통면"
"168","833",NA,"유티씨우주산업(주)","이성순","경상북도 영천시 청통면 보성공단길 14 외 1필지","경상북도 영천시 청통면 보성리 540 외 1필지",29193,"분사기 및 소화기 제조업","032-812-3689","세륜기",4267,727.02,"청통면"
"169","840",NA,"이엠티(EMT)","예종락","경상북도 영천시 청통면 계포리 305번지","경상북도 영천시 청통면 계포리 305번지",29199,"그 외 기타 일반목적용 기계 제조업 외 2 종","054-336-3799","Steel, Moter 등",1655,532.65,"청통면"
"170","841",NA,"인지조형디자인","정동주","경상북도 영천시 청통면 신학리 504번지","경상북도 영천시 청통면 신학리 504번지",33910,"간판 및 광고물 제조업 외 1 종",NA,"조형물",2114,427.4,"청통면"
"171","845",NA,"자연수","구대웅","경상북도 영천시 청통면 청통로 646-2","경상북도 영천시 청통면 신학리 538",13229,"기타 직물제품 제조업",NA,"마스크",1517,493.5,"청통면"
"172","859",NA,"조양향당","조숙자","경상북도 영천시 청통면 신원길 134","경상북도 영천시 청통면 신원리 319번지",20424,"표면광택제 및 실내가향제 제조업","054-336-3071","향",2109,433.2,"청통면"
"173","860",NA,"조에허브(주)","조선미","경상북도 영천시 화산면 구성길 64","경상북도 영천시 화산면 당곡리 172-3번지",10792,"차류 가공업","054-331-5377","임,농산물 식품",3043,1461.94,"화산면"
"174","863",NA,"종합맨홀스틸산업","김경호","경상북도 영천시 화산면 덕암길 28 (종합맨홀스틸산업(주)) 외 1필지","경상북도 영천시 화산면 덕암리 548-43번지 외 1필지",24311,"선철주물 주조업","054-336-0022","주철맨홀",0,977.76,"화산면"
"175","867",NA,"주식회사 대영산업","권태응","경상북도 영천시 화산면 가일길 20-18","경상북도 영천시 화산면 연계리 337-3번지",22211,"플라스틱 선, 봉, 관 및 호스 제조업 외 1 종","054-336-5575","PE수도관 및 하수관, 결합형 연결구",4932,1853.83,"화산면"
"176","874",NA,"주식회사 서원테크","민기훈","경상북도 영천시 신녕면 완전공단길 9-12","경상북도 영천시 신녕면 완전리 700-2번지",13104,"연사 및 가공사 제조업 외 1 종","053-963-7950","복합사 섬유",6505,3451.71,"신녕면"
"177","877",NA,"주식회사 신진알앤씨","신영봉","경상북도 영천시 청통면 청통로 211-9","경상북도 영천시 청통면 우천리 631번지",22199,"그 외 기타 고무제품 제조업","054-337-1076","고무배수로뚜껑, 고무블럭",1593,443.88,"청통면"
"178","878",NA,"주식회사 아린","채우열","경상북도 영천시 청통면 용내길 67-25","경상북도 영천시 청통면 계지리 297-30번지",22251,"폴리스티렌 발포 성형제품 제조업","054-336-7811","건축자재용 스티로폼",1653,608,"청통면"
"179","895",NA,"주식회사 키움","서재덕","경상북도 영천시 청통면 봉수길 63","경상북도 영천시 청통면 보성리 771-1",25112,"구조용 금속 판제품 및 공작물 제조업",NA,"알루미늄 사출 성형, 알루미늄 구조물",0,399,"청통면"
"180","896",NA,"주식회사 태봉","김춘희","경상북도 영천시 청통면 청통로 428-27 외 2필지","경상북도 영천시 청통면 보성리 546-8 외 2필지",25999,"그 외 기타 분류 안된 금속 가공 제품 제조업","054-336-1498","금속파렛트",6545,1702.81,"청통면"
"181","903","영천화산농공단지","지에스산업","김동조","경상북도 영천시 화산면 화산공단길 26","경상북도 영천시 화산면 유성리 200-8",29210,"농업 및 임업용 기계 제조업",NA,"과수용 살포기, 과수수확운반차",0,921.1,"화산면"
"182","906",NA,"지풍영농조합법인","신상옥","경상북도 영천시 신녕면 화서리 288번지 외 1필지","경상북도 영천시 신녕면 화서리 288번지 외 1필지",20312,"복합비료 및 기타 화학비료 제조업 외 1 종","054-336-6652","유기질비료",2865,604.3,"신녕면"
"183","910",NA,"진송텍스","허진만","경상북도 영천시 청통면 사일로 594-7","경상북도 영천시 청통면 우천리 607번지",13104,"연사 및 가공사 제조업","054-332-8818","연사 편직",2314,1003.4,"청통면"
"184","925",NA,"천일수지","이순희","경상북도 영천시 청통면 청통로 556-6","경상북도 영천시 청통면 신학리 13-1번지",38321,"비금속류 해체 및 선별업 외 1 종","054-336-0317","플라스틱재생칩",1628,498.97,"청통면"
"185","926",NA,"청산기업","이애희","경상북도 영천시 청통면 청통로 541-2","경상북도 영천시 청통면 신학리 28-3번지",16229,"기타 건축용 나무제품 제조업 외 1 종",NA,"조경시설물 목재 및 데크, 철재 관",4813,1168.26,"청통면"
"186","929",NA,"청호유비","이석기","경상북도 영천시 청통면 호당2길 14","경상북도 영천시 청통면 호당리 567-0번지",20312,"복합비료 및 기타 화학비료 제조업 외 1 종","054-333-4844","비료",2179,585,"청통면"
"187","932",NA,"충력시스템","조성완","경상북도 영천시 청통면 송천리 271번지 외 1필지","경상북도 영천시 청통면 송천리 271번지 외 1필지",25113,"육상 금속 골조 구조재 제조업","054-337-5236","조립식 철재 비개",3598,975.88,"청통면"
"188","933",NA,"치산영농조합법인","고봉수","경상북도 영천시 신녕면 치산리 956번지 외 7필지","경상북도 영천시 신녕면 치산리 956번지 외 7필지",20312,"복합비료 및 기타 화학비료 제조업 외 1 종","054-337-0500","유기질 비료",10420,4084,"신녕면"
"189","935",NA,"케이비바이오","조은숙","경상북도 영천시 청통면 금송로 1050","경상북도 영천시 청통면 신학리 507",20311,"질소화합물, 질소, 인산 및 칼리질 화학비료 제조업 외 2 종","054-337-2115","비료",0,324,"청통면"
"190","938",NA,"코리아스틸폼(주)","오성근","경상북도 영천시 청통면 금송로 847-54 외 1필지","경상북도 영천시 청통면 원촌리 462-4번지 외 1필지",25113,"육상 금속 골조 구조재 제조업 외 1 종",NA,"거푸집",0,480,"청통면"
"191","945",NA,"태성기공","김태원","경상북도 영천시 청통면 용내길 67-28 외 1필지","경상북도 영천시 청통면 계지리 297-22번지 외 1필지",30201,"차체 및 특장차 제조업","054-336-9588","특장차 및 트레일러 부품",3629,2235.08,"청통면"
"192","955",NA,"토담집농원","양 용","경상북도 영천시 화산면 당지리 499-1번지","경상북도 영천시 화산면 당지리 499-1번지",10743,"장류 제조업",NA,"메주",310,73,"화산면"
"193","957",NA,"토탈맨홀","오상석","경상북도 영천시 화산면 덕암길 28 (종합맨홀스틸산업(주)) 외 1필지","경상북도 영천시 화산면 덕암리 548-43번지 외 1필지",24311,"선철주물 주조업",NA,"맨홀(하수구뚜껑)",3163,452.7,"화산면"
"194","960",NA,"팀시스템","서성국","경상북도 영천시 청통면 청통로 646-9","경상북도 영천시 청통면 신학리 531번지",22223,"플라스틱 창호 제조업","054-336-9078","플라스틱 창호",1652,493.5,"청통면"
"195","961",NA,"파란들","최은혜","경상북도 영천시 화산면 가래실로 86-5 외 1필지","경상북도 영천시 화산면 삼부리 74-1번지 외 1필지",10619,"기타 곡물 가공품 제조업","054-336-9091","누룽지",731,419.97,"화산면"
"196","967","영천화산농공단지","평산실업","신관식","경상북도 영천시 화산면 화산공단길 8","경상북도 영천시 화산면 유성리 200-6번지",13104,"연사 및 가공사 제조업","054-335-1505","분섬사,가연사",10294,5213.39,"화산면"
"197","968",NA,"포스에코(주)","김재환","경상북도 영천시 화산면 장수로 730-9 외 1필지","경상북도 영천시 화산면 삼부리 421-1 외 1필지",25113,"육상 금속 골조 구조재 제조업 외 2 종","054-333-8883","철구조물",5972,1914,"화산면"
"198","977",NA,"한국기계","백성기","경상북도 영천시 청통면 청통로 646-1","경상북도 영천시 청통면 신학리 538-10번지",29210,"농업 및 임업용 기계 제조업","054-333-7806","농업용 자동화 기계",1649,493.5,"청통면"
"199","980",NA,"한국열연(주)","이구영","경상북도 영천시 화산면 장수로 703","경상북도 영천시 화산면 삼부리 357-2번지",28119,"기타 전기 변환장치 제조업 외 1 종","054-333-9991","고주파유도가열장치",8395,2764.84,"화산면"
"200","982",NA,"한국특수인삼(주)","김분순","경상북도 영천시 청통면 신학길 19","경상북도 영천시 청통면 신학리 291번지",11209,"기타 비알코올 음료 제조업","02-764-1389","증류식품",640,154,"청통면"
"201","984",NA,"한백주식회사","박병곤","경상북도 영천시 청통면 애련길 140","경상북도 영천시 청통면 애련리 99-3",23119,"기타 판유리 가공품 제조업","054-335-6205","건축용 복층유리 및 강화유리",18888,3533.88,"청통면"
"202","990","영천화산농공단지","한양실업","노도윤","경상북도 영천시 화산면 화산공단길 26","경상북도 영천시 화산면 유성리 200-8번지",20203,"혼성 및 재생 플라스틱 소재 물질 제조업","054-336-4423","플라스틱재생원료(chip)",1400,1400,"화산면"
"203","992",NA,"한울푸드","박규섭, 최윤지","경상북도 영천시 청통면 관방길 153-20","경상북도 영천시 청통면 송천리 754",10309,"기타 과실ㆍ채소 가공 및 저장 처리업","053-214-5000","고구마스틱, 고구마 말랭이",4565,4457.58,"청통면"
"204","994",NA,"한일산업","노태길","경상북도 영천시 화산면 가일길 20-11 외 1필지","경상북도 영천시 화산면 연계리 337-1번지 외 1필지",38321,"비금속류 해체 및 선별업 외 1 종",NA,"섬우파사 재생칩",2133,848.1,"화산면"
"205","1002",NA,"현준정공","정호야","경상북도 영천시 청통면 송천리 473-2번지 외 4필지","경상북도 영천시 청통면 송천리 473-2번지 외 4필지",29294,"주형 및 금형 제조업",NA,"금형",7264,2611.86,"청통면"
"206","1004",NA,"형인산업","서봉균","경상북도 영천시 청통면 신원길 136-16","경상북도 영천시 청통면 신원리 318-1",38322,"비금속류 원료 재생업",NA,"재생칩",2420,349.94,"청통면"
"207","1005",NA,"형제섬유","하영진","경상북도 영천시 신녕면 신화로 68-17 (형제섬유)","경상북도 영천시 신녕면 화성리 207번지",13213,"화학섬유직물 직조업","054-332-4139","인조섬유직물",2346,1039.63,"신녕면"
"208","1008",NA,"혜원영농조합법인","이영은","경상북도 영천시 청통면 청통로 428-5","경상북도 영천시 청통면 보성리 552-3 번지",16101,"일반 제재업",NA,"각재, 판재",16702,1982.07,"청통면"
"209","1011","영천화산농공단지","화산비닐","정문혁","경상북도 영천시 화산면 화산공단길 32","경상북도 영천시 화산면 유성리 200-12",22231,"플라스틱 포대, 봉투 및 유사제품 제조업",NA,"비닐",5100,784.4,"화산면"
"210","1012",NA,"화산석재","이재호","경상북도 영천시 화산면 장수로 1067","경상북도 영천시 화산면 용평리 75-3번지",23919,"기타 석제품 제조업","054-335-1150","석재제조",1291,224.38,"화산면"
"211","1013",NA,"화산약초영농조합법인","이상원","경상북도 영천시 청통면 우천리 95번지 외 2필지","경상북도 영천시 청통면 우천리 95번지 외 2필지",10309,"기타 과실ㆍ채소 가공 및 저장 처리업","054-337-0091","한약재(가공)",5020,1977.03,"청통면"
"212","1014",NA,"화산약초영농조합법인","이상원","경상북도 영천시 청통면 우천리 93-1번지","경상북도 영천시 청통면 우천리 93-1번지",10309,"기타 과실ㆍ채소 가공 및 저장 처리업","054-337-0091","가공식품(농축원액 등)",1814,324,"청통면"
