,Unnamed: 0,순번,단지명,회사명,대표자명,공장대표주소_도로명,공장대표주소_지번,대표업종번호,업종명,전화번호,생산품,용지면적,건축면적,지역,위도,경도
0,1,3,,(주)갓바위,이현준,경상북도 영천시 청통면 애련길 253-28,경상북도 영천시 청통면 애련리 385번지,11119,기타 발효주 제조업,054-336-8997,생약주,1630.0,958.5,청통면,128.796763855784,36.0003688983786
1,2,5,,(주)거성피엔피,변재수,경상북도 영천시 청통면 청통초등길 33-1,경상북도 영천시 청통면 신학리 631-1번지,22212,플라스틱 필름 제조업 외 1 종,054-336-0479,PP평판시트,3306.0,1289.48,청통면,128.822777308381,35.9939388168835
2,3,6,영천화산농공단지,(주)거평그린,윤태순,경상북도 영천시 화산면 화산공단길 35 외 1필지,경상북도 영천시 화산면 유성리 200-2번지,13104,연사 및 가공사 제조업,053-852-5674,인조잔디 연사,12130.0,4576.52,화산면,128.860089510504,36.0211543627455
3,4,12,,(주)경안플랜트,김주환,경상북도 영천시 청통면 관방길 67-15,경상북도 영천시 청통면 송천리 558-3 번지,25113,육상 금속 골조 구조재 제조업 외 1 종,054-338-5558,구조용 금속제품,12222.0,5123.16,청통면,128.814249450888,35.9727934516732
4,5,39,,(주)네츄럴라이프,정민성,경상북도 영천시 청통면 용내길 72-41 외 1필지,경상북도 영천시 청통면 계지리 287-10,23323,플라스터 혼합제품 제조업,054-337-3233,"친환경에코보드,액자,소품 등",5019.0,1653.61,청통면,128.825893647057,36.00422368385
5,6,40,,(주)농업회사법인 케이푸드,이은영,경상북도 영천시 화산면 연유길 156,경상북도 영천시 화산면 연계리 496-1,10122,육류 포장육 및 냉동육 가공업 (가금류 제외),,황제유황돼지 부분육,2170.0,1498.56,화산면,128.841183985106,36.0286785750517
6,7,42,,(주)다물인터내셔널,정국교,경상북도 영천시 청통면 금송로 719-27,경상북도 영천시 청통면 송천리 479-14번지,22223,플라스틱 창호 제조업,,플라스틱 창호,1653.0,504.0,청통면,128.819156586316,35.9705846179308
7,8,48,,(주)다인피에스피,전재도,경상북도 영천시 화산면 연계리 556-2번지 외 2필지,경상북도 영천시 화산면 연계리 556-2번지,17909,그 외 기타 종이 및 판지 제품 제조업 외 1 종,,고형진정제(펄프제 성형제품),3381.0,1207.38,화산면,128.837789832224,36.028082956349
8,9,55,,(주)대린정공,박필재,경상북도 영천시 청통면 청통로 113-7 외 1필지,경상북도 영천시 청통면 우천리 182번지,30320,자동차 차체용 신품 부품 제조업 외 1 종,054-337-0173,브라켓,4460.0,1667.13,청통면,128.877929025217,35.9935982495229
9,10,58,,(주)대아에스엔에스,손원균,경상북도 영천시 신녕면 완전공단길 24,경상북도 영천시 신녕면 완전리 700-9번지,20203,혼성 및 재생 플라스틱 소재 물질 제조업 외 1 종,054-335-9395,"플라스틱, 섬유재생원료",7359.0,1751.95,신녕면,128.795024169074,36.0371819983287
10,11,76,,(주)도투락,이종환,경상북도 영천시 화산면 유성길 75-4,경상북도 영천시 화산면 유성리 816번지,11209,기타 비알코올 음료 제조업,054-335-9811,"음료, 건강식품",1703.0,528.66,화산면,128.856714245305,36.0243991306872
11,12,89,,(주)동유식품,정용진,경상북도 영천시 청통면 애련길 275-16 (총 4 필지) 외 1필지,경상북도 영천시 청통면 애련리 415-1번지,10402,식물성 유지 제조업 외 1 종,054-336-7277,"참기름, 고추",5887.0,1996.73,청통면,128.793724745988,36.0019412121293
12,13,102,,(주)디케이에스글로벌,양종덕,경상북도 영천시 신녕면 완전공단길 15 (DKS(주)) (총 2 필지),경상북도 영천시 신녕면 완전리 700-4번지,25113,육상 금속 골조 구조재 제조업,054-331-8333,"써포트, 동바리, 안전비계",6367.0,4058.04,신녕면,128.794402577862,36.0391536103963
13,14,107,영천화산농공단지,(주)리유산업,표주백,경상북도 영천시 화산면 화산공단길 26,경상북도 영천시 화산면 유성리 200-8번지,13229,기타 직물제품 제조업,054-338-8818,신소재응용제품(에어매트),0.0,1185.6,화산면,128.861841320975,36.0201613899076
14,15,108,,(주)리치팜,최경태,경상북도 영천시 청통면 장수로 574 ((주)리치팜),경상북도 영천시 청통면 호당리 981번지,20312,복합비료 및 기타 화학비료 제조업,053-963-7053,제4종 복합비료,300.0,300.0,청통면,128.885326826547,36.0020930072605
15,16,109,,(주)매직엘이디 청통지점,남승우,경상북도 영천시 청통면 신원길 57-16,경상북도 영천시 청통면 신원리 235-1,26519,비디오 및 기타 영상기기 제조업,053-964-6600,비디오 및 기타영상기기 제조업,4442.0,1710.36,청통면,128.781968763608,36.0220953178817
16,17,119,영천화산농공단지,(주)미래공간,박수남,경상북도 영천시 화산면 화산공단길 39,경상북도 영천시 화산면 유성리 200-16번지,25999,그 외 기타 분류 안된 금속 가공 제품 제조업 외 2 종,054-331-7857,"석재조형물, 금속조형물",0.0,324.0,화산면,128.860120733273,36.0216850666623
17,18,121,,(주)범웅리사이클링,백성부,경상북도 영천시 화산면 신화로 972,경상북도 영천시 화산면 화산리 305번지,23324,"콘크리트 타일, 기와, 벽돌 및 블록 제조업",054-338-1332,콘크리트근가(전봇대 결속매립용),4232.0,288.51,화산면,128.869238442857,36.0513536633587
18,19,130,영천화산농공단지,(주)사조대림 영천공장,김상훈,경상북도 영천시 화산면 화산공단길 17 외 1필지,경상북도 영천시 화산면 유성리 200-3번지,10743,장류 제조업 외 2 종,054-335-8881,"간장,고추맛기름, 팝콘",20754.0,14803.14,화산면,128.860332043561,36.0189302409089
19,20,135,,(주)삼안레미콘,성준호,경상북도 영천시 신녕면 신화로 93 ((주)삼안콘크리트),경상북도 영천시 신녕면 화성리 161번지,23322,레미콘 제조업,054-336-0920,레미콘,9900.0,1212.0,신녕면,128.798724218126,36.0467375561728
20,21,136,,(주)삼안콘크리트,서만윤,경상북도 영천시 신녕면 신화로 93 ((주)삼안콘크리트) 외 1필지,경상북도 영천시 신녕면 화성리 161번지,23325,콘크리트 관 및 기타 구조용 콘크리트 제품 제조업,054-336-0088,콘크리트제품,20091.0,4167.71,신녕면,128.798724218126,36.0467375561728
21,22,141,,(주)삼일과수산업,공동환,경상북도 영천시 청통면 계포리 346번지,경상북도 영천시 청통면 계포리 346번지,17221,종이 포대 및 가방 제조업,,과일 재배용 봉지,2831.0,1012.96,청통면,128.814999609172,35.9973111673904
22,23,145,,(주)생초록농원,최성구,경상북도 영천시 청통면 대평리 1210번지 외 1필지,경상북도 영천시 청통면 대평리 1210번지,10741,"식초, 발효 및 화학 조미료 제조업",054-334-7171,마늘식초,2835.0,998.7,청통면,128.861322940996,35.9428692407179
23,24,147,,(주)선학산업,박선련,경상북도 영천시 청통면 청통로 774 외 1필지,경상북도 영천시 청통면 계포리 301-1,28511,주방용 전기기기 제조업 외 6 종,054-336-3662,"가스랜지, 씽크대, 주방기구 등",2600.0,493.02,청통면,128.810304951082,35.9945713450697
24,25,148,,(주)선학산업,박선련,경상북도 영천시 청통면 청통로 776-1,경상북도 영천시 청통면 계포리 303-1번지,29250,음ㆍ식료품 및 담배 가공기계 제조업 외 6 종,054-336-3662,주방기구 등,690.0,489.5,청통면,128.809910982435,35.994571524418
25,26,150,,(주)성일코퍼레이션,장미옥,경상북도 영천시 청통면 금송로 719-25,경상북도 영천시 청통면 송천리 479-17번지,25111,"금속 문, 창, 셔터 및 관련제품 제조업",,금속문,2514.0,1224.0,청통면,128.819460027306,35.9704029505115
26,27,170,영천화산농공단지,(주)세진,안홍석,경상북도 영천시 화산면 화산공단길 36,경상북도 영천시 화산면 유성리 200-9번지,13219,특수 직물 및 기타 직물 직조업 외 2 종,054-335-3559,"화섬직물,유기질비료",18100.0,7413.74,화산면,128.861488653545,36.02132827171
27,28,174,,(주)송천,윤인자,경상북도 영천시 청통면 관방길 144-12 (총 3 필지) 외 2필지,경상북도 영천시 청통면 송천리 642번지 ,25943,금속 스프링 제조업,054-338-9600,"스프링,와샤, 피스제조",6468.0,2348.75,청통면,128.812866379943,35.9813299918198
28,29,181,,(주)신도이엔브이(ENV),김민철,경상북도 영천시 청통면 청통로 556 (총 3 필지) 외 2필지,경상북도 영천시 청통면 신학리 26-1번지,22222,설치용 및 위생용 플라스틱제품 제조업,054-336-4745,물탱크,1508.0,858.32,청통면,128.834185246546,35.9949126031415
29,30,190,,(주)신영스틸,"장창근,문철영",경상북도 영천시 청통면 금송로 847-66 외 1필지,경상북도 영천시 청통면 원촌리 462-2번지 ,25113,육상 금속 골조 구조재 제조업 외 1 종,054-338-0831,조립식펄재비계(써포트),28148.0,5467.61,청통면,128.817234458451,35.9836486396708
30,31,191,,(주)신영스틸 2공장,"장창근, 문철영",,경상북도 영천시 청통면 보성리 546-14,25113,육상 금속 골조 구조재 제조업,054-338-9164,조립식 철재비계 (작업발판),7893.0,2088.45,청통면,128.847792235892,35.9935546517436
31,32,192,,(주)신원금속,김준석,경상북도 영천시 청통면 신학리 427-14번지 외 3필지,경상북도 영천시 청통면 신학리 427-14번지 ,24222,"알루미늄 압연, 압출 및 연신제품 제조업",054-336-1472,알루미늄 프로파일,5620.0,1507.5,청통면,128.825754426696,36.0036783910976
32,33,195,,(주)신풍,정 장 수,경상북도 영천시 신녕면 완전공단길 21 (㈜신동),경상북도 영천시 신녕면 완전리 700-6번지,22241,운송장비 조립용 플라스틱제품 제조업 외 2 종,054-337-7688,"프라스틱사출성형,연사임가공",3376.0,2411.6,신녕면,128.794399580892,36.0380828890976
33,34,199,,(주)썬폴리폼영천공장,석재민,경상북도 영천시 청통면 청통로 428-30,경상북도 영천시 청통면 보성리 546-7번지,22251,폴리스티렌 발포 성형제품 제조업,054-331-7708,xp썬보드,19900.0,3620.18,청통면,128.849306124119,35.9925768837647
34,35,205,,(주)아우노,권재원,경상북도 영천시 청통면 용내길 72-47,경상북도 영천시 청통면 신학리 427-3,10720,설탕 제조업,053-587-7110,설탕(아우노슈가),10358.0,2591.97,청통면,128.826294581676,36.0032590881725
35,36,206,,(주)아이엔에스랜드,이재수,경상북도 영천시 청통면 청통로 556-34 ((주)아이엔에스랜드),경상북도 영천시 청통면 신학리 4-1번지,16229,기타 건축용 나무제품 제조업 외 3 종,054-331-5201,"구조물용 철강재봉,형재,관 및 가공품",2112.0,840.0,청통면,128.832321181933,35.9968638457648
36,37,210,,(주)에스앤티,허재무,경상북도 영천시 화산면 장수로 688 (에스제이코리아㈜),경상북도 영천시 화산면 삼부리 331-2번지,24132,강관 제조업 외 1 종,054-339-2300,강관(자동차부품소재),20114.0,7906.14,화산면,128.87799952379,36.0099837840632
37,38,223,,(주)엘비산업,유성호,경상북도 영천시 청통면 신원길 136-10,경상북도 영천시 청통면 신원리 318번지,38321,비금속류 해체 및 선별업 외 1 종,054-336-3795,재생원료,2420.0,393.48,청통면,128.789833891907,36.0229525109101
38,39,238,,(주)올래 농업회사법인,이주현,경상북도 영천시 청통면 애련길 11 외 2필지,경상북도 영천시 청통면 계포리 284-3번지 ,10309,기타 과실ㆍ채소 가공 및 저장 처리업,,깐마늘,3312.0,743.85,청통면,128.816949684205,35.9960639906864
39,40,249,,(주)우진종합식품 농업회사법인,강명재,경상북도 영천시 청통면 용내길 72-48,경상북도 영천시 청통면 신학리 427-11번지,10121,가금류 가공 및 저장 처리업,054-336-5281,오리고기 포장육,3802.0,1336.2,청통면,128.825388994099,36.0029364996675
40,41,256,,(주)위드조경,정광수,경상북도 영천시 화산면 납이길 69 외 4필지,경상북도 영천시 화산면 암기리 1027번지,16101,일반 제재업 외 5 종,054-338-8112,"각재,판재,금속재울타리,운동시설물",5085.0,1077.4,화산면,128.872239676457,36.0192708422495
41,42,263,,(주)유제이 테크,박배식,경상북도 영천시 청통면 보성리 638-2번지,경상북도 영천시 청통면 보성리 638-2번지,29142,기어 및 동력전달장치 제조업 외 3 종,054-334-4005,"등속조인트, 유니버설조인트",1796.0,982.14,청통면,128.838143081245,35.9932801435524
42,43,267,,(주)은해,안소윤,경상북도 영천시 청통면 관방길 156,경상북도 영천시 청통면 송천리 645-10번지,29269,"기타 섬유, 의복 및 가죽 가공 기계 제조업 외 1 종",054-338-0093,"섬유기계(방사기), 파이프연결구",9305.0,2695.16,청통면,128.81216989406,35.9817699788915
43,44,272,,(주)자두푸드시스템,곽혁태,경상북도 영천시 청통면 계포1길 3-2,경상북도 영천시 청통면 계포리 305-2번지,10220,수산식물 가공 및 저장 처리업,053-741-4540,김자반,828.0,270.46,청통면,128.809605124908,35.9950842670925
44,45,285,,(주)제이더블유바이오,박영호,경상북도 영천시 화산면 가일길 20-10,경상북도 영천시 화산면 연계리 337번지,20423,화장품 제조업,053-427-1201,화장품(헤어토닉),6236.0,1307.7,화산면,128.841588179321,36.0204808697985
45,46,290,,(주)제이티엠,정의택,경상북도 영천시 청통면 송천공단길 20,경상북도 영천시 청통면 송천리 9-5,13104,연사 및 가공사 제조업,,폴리에스터장섬유 분사 및 가공사,4447.0,2822.75,청통면,128.820930792032,35.9655578766138
46,47,295,,(주)좋은외장,이주호,경상북도 영천시 청통면 아랫죽정길 21,경상북도 영천시 청통면 죽정리 359-2번지,25112,구조용 금속 판제품 및 공작물 제조업,053-283-4311,알루미늄 복합판넬,1603.0,327.0,청통면,128.830978888441,35.9674830424903
47,48,305,,(주)창언이엔지,박인호,경상북도 영천시 청통면 신학리 631-6번지,경상북도 영천시 청통면 신학리 631-6번지,29163,컨베이어장치 제조업 외 2 종,054-334-9000,"컨베이어,협잡물처리기 등",1753.0,566.0,청통면,128.823068183744,35.99349204922
48,49,308,,(주)천호,김석호,경상북도 영천시 청통면 사일로 543-13,경상북도 영천시 청통면 신덕리 468,25113,육상 금속 골조 구조재 제조업,054-337-3314,철구조물,4702.0,1770.0,청통면,128.863471717857,35.979323115074
49,50,317,,(주)케이에이치,안도영,경상북도 영천시 청통면 관방길 144-12,경상북도 영천시 청통면 송천리 642-5번지,24123,철강선 제조업 외 2 종,054-338-9600,"금속스프링, 와샤, 철선제조",4380.0,1932.75,청통면,128.813166093468,35.9810217922644
50,51,325,,(주)키프코,김성철,경상북도 영천시 청통면 청통로 556-26,경상북도 영천시 청통면 신학리 7번지,29242,광물처리 및 취급장비 제조업,054-331-0482,산업기계,3252.0,1183.0,청통면,128.831883398203,35.9966816653562
51,52,329,,(주)태극인 농업회사법인,김상진,경상북도 영천시 화산면 당곡리 20-1번지,경상북도 영천시 화산면 당곡리 20-1번지,21220,한의약품 제조업,054-336-2895,한의약조제품,2277.0,490.0,화산면,128.870809857479,36.0148337986612
52,53,330,,(주)태산,허광옥,경상북도 영천시 신녕면 완전공단길 23 ((주)태산),경상북도 영천시 신녕면 완전리 700-7번지,10613,곡물 혼합분말 및 반죽 제조업,054-332-3004,혼합조제분말(팥앙금),7660.0,3578.31,신녕면,128.795190493023,36.0385217723401
53,54,331,,(주)태산강판,박용원,경상북도 영천시 청통면 청통로 280 외 8필지,경상북도 영천시 청통면 우천리 996,25119,기타 구조용 금속제품 제조업,053-852-8778,칼라성형간판,15512.0,5805.68,청통면,128.863033703912,35.987918364361
54,55,334,,(주)태우산업,김병석,경상북도 영천시 청통면 청통로 284 외 2필지,경상북도 영천시 청통면 우천리 997-11번지,25913,자동차용 금속 압형제품 제조업 외 1 종,054-338-9454,철판,6998.0,2468.31,청통면,128.862424393624,35.9893071215342
55,56,335,영천화산농공단지,(주)태원이엔지,최재일,경상북도 영천시 화산면 화산공단길 27,경상북도 영천시 화산면 유성리 200-14번지,30320,자동차 차체용 신품 부품 제조업 외 1 종,054-336-7506,도어프레임,8300.0,1993.54,화산면,128.86009399626,36.0202930380556
56,57,343,,(주)티케이텍,엄미영,경상북도 영천시 청통면 청통초등길 27,경상북도 영천시 청통면 신학리 631-8,22211,"플라스틱 선, 봉, 관 및 호스 제조업",054-335-0318,합성수지전선관,2712.0,1062.4,청통면,128.823920269075,35.9927773225384
57,58,347,,(주)팜텍21,황형규,경상북도 영천시 청통면 사일로 367-11,경상북도 영천시 청통면 대평리 673-1번지,20312,복합비료 및 기타 화학비료 제조업 외 1 종,053-850-3756,비료제품,201.48,201.48,청통면,128.863079626027,35.9651243486584
58,59,363,,(주)한국기계,백성기,경상북도 영천시 청통면 청통로 646-3,경상북도 영천시 청통면 신학리 538-12번지,29210,농업 및 임업용 기계 제조업,054-333-7806,농업용자동화기계(마늘건조기 등),1650.0,493.5,청통면,128.823920573335,35.996064592382
59,60,368,,(주)한백창호,강병관,경상북도 영천시 청통면 송천리 473-15번지 외 6필지,경상북도 영천시 청통면 송천리 473-15,22223,플라스틱 창호 제조업,054-335-6216,플라스틱 창호,9860.0,3180.0,청통면,128.818155408688,35.9719969461922
60,61,370,,(주)한샘생활건강,안병천,경상북도 영천시 청통면 보성공단길 43 외 1필지,경상북도 영천시 청통면 보성리 542-14번지,20422,"치약, 비누 및 기타 세제 제조업 외 1 종",054-336-5700,워셔액,7052.0,1945.26,청통면,128.84681871064,35.9942213149419
61,62,372,,(주)한스케미칼,한명동,경상북도 영천시 화산면 장수로 1340,경상북도 영천시 화산면 대안리 1103-1번지,22212,플라스틱 필름 제조업 외 1 종,053-743-7761,플라스틱 필름,8357.0,3650.41,화산면,128.813405048133,36.0265494863861
62,63,373,,(주)한영전기판금엔지니어링,이수용,경상북도 영천시 청통면 청통로 428-40 외 1필지,경상북도 영천시 청통면 보성리 546-11번지,25112,구조용 금속 판제품 및 공작물 제조업,054-333-8198,전용기 기계카바,4000.0,1235.77,청통면,128.848424075569,35.993646287313
63,64,376,,(주)현준정밀,권용호,경상북도 영천시 청통면 송천리 850번지,경상북도 영천시 청통면 송천리 850번지,29294,주형 및 금형 제조업,053-592-5090,금형,11582.7,3954.69,청통면,128.816606809534,35.97275209816
64,65,385,,(주)홍성산업,이해우,경상북도 영천시 청통면 송천리 645-2번지 외 5필지,경상북도 영천시 청통면 송천리 645-2번지,30399,그 외 자동차용 신품 부품 제조업 외 3 종,,자동차소음방지용스틸부품,8017.0,2776.56,청통면,128.812256458229,35.9824136753004
65,66,393,,(주)화인케미칼,김강준,경상북도 영천시 화산면 가일길 24,경상북도 영천시 화산면 연계리 333-1번지,22212,플라스틱 필름 제조업,054-335-8428,P.E필름,1985.0,996.54,화산면,128.840306735182,36.0208631437488
66,67,401,,J.K산업,"신경애, 권현아",경상북도 영천시 청통면 용호길 81 외 1필지,경상북도 영천시 청통면 용천리 646-4 번지,24131,주철관 제조업,054-331-9994,주철관연결구 및 밸브,1368.0,856.05,청통면,128.824853870192,36.018813467041
67,68,407,,거양산업,조철우,경상북도 영천시 청통면 송천리 585 번지 외 2필지 외 2필지,경상북도 영천시 청통면 송천리 585 번지,30399,그 외 자동차용 신품 부품 제조업 외 3 종,054-726-0014,자동차부품,3531.0,1265.05,청통면,128.81449027882,35.9781026725175
68,69,411,,경농산업,장재욱,경상북도 영천시 청통면 금송로 857-66 외 3필지,경상북도 영천시 청통면 원촌리 468-1번지,29210,농업 및 임업용 기계 제조업 외 1 종,054-338-9200,"궤도형 동력운반차,보행형 스피드 스프레이어, 건조기",19673.0,8225.0,청통면,128.817680795195,35.9851119219881
69,70,412,,경도래핑,김중현,경상북도 영천시 청통면 계지리 297-11번지 외 1필지,경상북도 영천시 청통면 계지리 297-11번지 ,16211,"박판, 합판 및 유사 적층판 제조업 외 1 종",054-336-7741,PVC샷시 무늬목,4264.0,1371.42,청통면,128.821155257374,36.005474548397
70,71,413,,경도창호,김중현,경상북도 영천시 청통면 용내길 65,경상북도 영천시 청통면 계지리 297-16번지,22223,플라스틱 창호 제조업,,플라스틱 창호,2652.0,996.0,청통면,128.82181195413,36.0052892206952
71,72,415,,경북농축산영농조합,김형식,경상북도 영천시 화산면 대암길 136,경상북도 영천시 화산면 대기리 406-1,10796,건강보조용 액화식품 제조업,054-338-7570,건강액화식품(음료),5419.0,1756.5,화산면,128.89566555174,36.0099570955289
72,73,429,영천화산농공단지,극동섬유(주)영천,이실경,경상북도 영천시 화산면 화산공단길 26,경상북도 영천시 화산면 유성리 200-8번지,13104,연사 및 가공사 제조업,054-335-1437,연사 및 가공사,10662.0,3708.69,화산면,128.861841320975,36.0201613899076
73,74,434,,금속제조,최수만,경상북도 영천시 신녕면 화남리 936-3번지,경상북도 영천시 신녕면 화남리 936-3번지,25999,그 외 기타 분류 안된 금속 가공 제품 제조업,,금속파레트,2314.0,913.3,신녕면,128.766880294679,36.0651644919367
74,75,446,,노천도예공방,양권용,경상북도 영천시 신녕면 어릿골길 203 (총 2 필지) 외 1필지,경상북도 영천시 신녕면 매양리 710-0번지 ,23221,가정용 및 장식용 도자기 제조업,054-335-8918,"도자기,그릇",890.0,141.0,신녕면,128.771368694448,36.0342381447175
75,76,453,,농업회사법인 (주)한도,김석호,경상북도 영천시 청통면 사일로 543-9 (한성산업(주)) (총 2 필지),경상북도 영천시 청통면 우천리 1202-1번지,10619,기타 곡물 가공품 제조업,054-337-3314,"미숫가루,누룽지",2699.0,1073.36,청통면,128.863781286306,35.979678379928
76,77,454,,농업회사법인 (주)한도,김석호,경상북도 영천시 청통면 사일로 543 외 2필지,경상북도 영천시 청통면 우천리 1202-12 ,10619,기타 곡물 가공품 제조업,054-337-3314,누룽지류,7376.0,1200.0,청통면,128.864348091821,35.9796250574139
77,78,456,,농업회사법인 대신농산(주),신인호,경상북도 영천시 청통면 송천리 263 번지,경상북도 영천시 청통면 송천리 263 번지,10309,기타 과실ㆍ채소 가공 및 저장 처리업,,깐양파,3401.0,1344.6,청통면,128.818333166128,35.9813971831094
78,79,457,,농업회사법인 대영농원(주),우대일,경상북도 영천시 청통면 애련리 167번지 외 1필지,경상북도 영천시 청통면 애련리 167번지 ,10799,그 외 기타 식료품 제조업,054-336-7401,"계란가공품(구운, 염지, 액란)",9995.0,5825.0,청통면,128.809181648819,35.997530368978
79,80,461,,농업회사법인 월성 주식회사,박희춘,경상북도 영천시 청통면 장수로 1195-25,경상북도 영천시 청통면 용천리 437-8번지,10309,기타 과실ㆍ채소 가공 및 저장 처리업,,채소가공품,2962.0,996.45,청통면,128.827284753672,36.0219113285213
80,81,462,,농업회사법인 조에허브(주)(2공장),조선미,경상북도 영천시 청통면 청통로 413-16,경상북도 영천시 청통면 보성리 562-1,10309,기타 과실ㆍ채소 가공 및 저장 처리업,054-331-5377,"농산물가공품(세척, 절단)",2194.0,592.8,청통면,128.847443769916,35.9900432506951
81,82,468,,농업회사법인 주식회사 안동농산,이철희,경상북도 영천시 청통면 호암길 12,경상북도 영천시 청통면 호당리 628-3번지,10309,기타 과실ㆍ채소 가공 및 저장 처리업,054-337-7389,깐마늘,3051.0,1309.6,청통면,128.895511289368,35.9955291935384
82,83,471,,농업회사법인 주식회사 청통본가,배형기,경상북도 영천시 청통면 신원길 57 외 4필지,경상북도 영천시 청통면 신원리 236-2 ,10619,기타 곡물 가공품 제조업,054-337-8033,누룽지,5139.0,2988.81,청통면,128.782384903343,36.0216255186485
83,84,472,,농업회사법인 주식회사 홀그레인호밀농장,류한욱,경상북도 영천시 화산면 대암길 64,경상북도 영천시 화산면 암기리 434-2번지,10619,기타 곡물 가공품 제조업,,식품제조가공(곡류차 등),203.0,175.2,화산면,128.893121655474,36.0156474119293
84,85,485,,농업회사법인(주)신흥농산 신녕지점,홍해식,경상북도 영천시 신녕면 찰방길 42-204 외 1필지,경상북도 영천시 신녕면 매양리 180-1 ,10309,기타 과실ㆍ채소 가공 및 저장 처리업,,농산물 단순가공(고추),9398.0,4141.36,신녕면,128.78430290879,36.0335135942258
85,86,486,,농업회사법인(주)어니스트파머,류현숙,경상북도 영천시 청통면 우천리 70번지 외 1필지,경상북도 영천시 청통면 우천리 70번지 ,10792,차류 가공업 외 1 종,054-335-8732,"한방차,건강기능식품",2784.0,910.5,청통면,128.878207823527,35.9962743366331
86,87,487,,농업회사법인(주)연정바이오,정재석,경상북도 영천시 신녕면 신정길 59-54,경상북도 영천시 신녕면 신덕리 340-6,16102,표면 가공 목재 및 특정 목적용 제재목 제조업 외 1 종,,"서까래, 톱밥",9280.0,2788.0,신녕면,128.80499192155,36.0380057658429
87,88,492,,농업회사법인(주)천연식품,"임경만, 임재성",경상북도 영천시 신녕면 완전리 532번지 외 1필지,경상북도 영천시 신녕면 완전리 532번지 ,10741,"식초, 발효 및 화학 조미료 제조업",054-338-1145,발효식초,11150.0,3911.2,신녕면,128.790604965027,36.0263356856405
88,89,495<span class='ico-chk'></span>,,농업회사법인(주)한국팜,송영삼,경상북도 영천시 청통면 한티길 8-26,경상북도 영천시 청통면 죽정리 652-52번지,10801,배합 사료 제조업 외 1 종,,보조사료,1648.0,199.0,청통면,128.82609238038,35.9646309469073
89,90,505,,대도섬유,김상도,경상북도 영천시 청통면 보성공단길 20,경상북도 영천시 청통면 보성리 542-3번지,13104,연사 및 가공사 제조업,054-335-9692,폴리에스텔,1523.0,785.88,청통면,128.845882448728,35.9936520041253
90,91,511,,대명섬유,김옥수,경상북도 영천시 청통면 송천공단길 29-1,경상북도 영천시 청통면 송천리 534-1번지,13104,연사 및 가공사 제조업,054-335-8862,연사,7381.0,2268.57,청통면,128.819302483679,35.9651273472146
91,92,517,,대신산업(주),윤기섭,경상북도 영천시 화산면 장수로 770-16,경상북도 영천시 화산면 당곡리 43-1,25923,도장 및 기타 피막처리업,054-336-8600,도장 및 피막,5105.0,1275.0,화산면,128.873519272685,36.014897368686
92,93,522,,대양산업,"유은경,최한달",경상북도 영천시 청통면 계포리 349-1번지,경상북도 영천시 청통면 계포리 349-1번지,13922,어망 및 기타 끈 가공품 제조업,054-701-1300,조개망,1834.0,499.05,청통면,128.814887450382,35.9981266420689
93,94,525,,대연에스이(주),변유미,경상북도 영천시 화산면 연유길 170,경상북도 영천시 화산면 덕암리 98-7,25112,구조용 금속 판제품 및 공작물 제조업,054-701-1668,바닥재(철강재) 주차장 바닥재 등,6838.0,1608.5,화산면,128.839331775452,36.0305350393708
94,95,527,,대영정밀,이종식,경상북도 영천시 화산면 연유길 168,경상북도 영천시 화산면 덕암리 98-5,30399,그 외 자동차용 신품 부품 제조업,054-706-7444,"자동차부품 (차체, 시트)",6639.0,1877.65,화산면,128.839860677019,36.0296513388168
95,96,529,,대우산업,"정말분, 조구호",경상북도 영천시 청통면 애련길 10 외 1필지,경상북도 영천시 청통면 계포리  239-17,22299,그 외 기타 플라스틱 제품 제조업,054-331-0578,농자재,1783.0,692.7,청통면,128.817844449556,35.9965625220227
96,97,530,,대우양행,정말분,경상북도 영천시 청통면 애련길 16 외 2필지,경상북도 영천시 청통면 계포리  246-4 ,22211,"플라스틱 선, 봉, 관 및 호스 제조업",054-331-0578,농사용 호스(파이프),1695.0,360.0,청통면,128.817131990879,35.9963930109035
97,98,531,,대운산업,이일영,경상북도 영천시 신녕면 신정길 101,경상북도 영천시 신녕면 신덕리 308-1번지,17211,골판지 제조업 외 1 종,054-0331-9960,종이앵글,2755.0,1092.5,신녕면,128.80652334499,36.0386048976449
98,99,534,,대유스틸,이종언,경상북도 영천시 청통면 우천리 997-13번지 외 2필지,경상북도 영천시 청통면 우천리 997-13번지,24199,그 외 기타 1차 철강 제조업,,C-형강,6866.0,1968.0,청통면,128.862741276898,35.988679999763
99,100,544,,대혁농산,윤정만,경상북도 영천시 청통면 계지리 622-3번지 외 1필지 외 1필지,경상북도 영천시 청통면 계지리 622-3번지,10309,기타 과실ㆍ채소 가공 및 저장 처리업,054-331-0157,깐마늘,1628.0,402.0,청통면,128.803864159301,36.0192633862963
100,101,548,,덕산이앤지,권순홍,경상북도 영천시 청통면 관방길 177-13,경상북도 영천시 청통면 송천리 715번지,29299,그 외 기타 특수목적용 기계 제조업 외 1 종,054-706-7530,자동화기계,3765.0,1077.9,청통면,128.807819144561,35.9814293288454
101,102,550,,도운섬유,"김원락,권영호",경상북도 영천시 청통면 신덕1길 7-10,경상북도 영천시 청통면 우천리 553-1번지,13219,특수 직물 및 기타 직물 직조업,054-338-8700,스크린샤,2370.0,1209.2,청통면,128.86696829327,35.9802447087451
102,103,555,,동근산업,이상근,경상북도 영천시 청통면 관방길 74,경상북도 영천시 청통면 송천리 350번지,13213,화학섬유직물 직조업,054-335-0990,화섬직물,1738.0,939.24,청통면,128.816855602263,35.9756939230359
103,104,556,,동도엔지니어링,이종환,경상북도 영천시 청통면 송천공단길 19,경상북도 영천시 청통면 송천리 5-16번지,25924,절삭가공 및 유사처리업,054-335-0734,"노즐, 금형부분품",1350.0,550.24,청통면,128.820897787219,35.9650040229431
104,105,564,,동보씨엔에스,윤미정,경상북도 영천시 청통면 청통로 541,경상북도 영천시 청통면 신학리 28번지,13213,화학섬유직물 직조업,054-335-3101,화섬직물(커튼원단),5999.0,951.75,청통면,128.835375305492,35.9934648159752
105,106,572,영천화산농공단지,동양종합기계,왕혜숙,경상북도 영천시 화산면 화산공단길 32,경상북도 영천시 화산면 유성리 200-12,29210,농업 및 임업용 기계 제조업,054-335-5771,"가정용도정기, 농산물건조기",5100.0,1509.15,화산면,128.861510910947,36.0206477888992
106,107,576,,동인연사,황인제,경상북도 영천시 청통면 보성공단길 26,경상북도 영천시 청통면 보성리 543번지,13104,연사 및 가공사 제조업,054-336-3338,연사,2332.0,907.69,청통면,128.846076962477,35.9940526978324
107,108,580,,동일바이오텍,이종호,,경상북도 영천시 화산면 연계리 산 33-8,29210,농업 및 임업용 기계 제조업,,아쿠아포닉스 기기,4284.0,621.2,화산면,,
108,109,586,영천화산농공단지,동화산업,황명숙,경상북도 영천시 화산면 화산공단길 20 ((주)동화산업),경상북도 영천시 화산면 유성리 200-7번지,13104,연사 및 가공사 제조업 외 1 종,054-335-1395,"연사,싸이딩",7942.0,4910.97,화산면,128.861632185493,36.0195321674751
109,110,593,,드림산업(주),이성식,경상북도 영천시 청통면 청통로 175-1,경상북도 영천시 청통면 우천리 371-3번지,17221,종이 포대 및 가방 제조업,054-333-1302,과일재배용봉지,658.0,330.0,청통면,128.873390029142,35.9892647383271
110,111,600,영천화산농공단지,리테크엔지니어링,권진희,경상북도 영천시 화산면 화산공단길 39,경상북도 영천시 화산면 유성리 200-16번지,27213,"물질 검사, 측정 및 분석기구 제조업 외 4 종",054-335-7181,"수위계,유량계,자동제어반,농도계등",0.0,324.0,화산면,128.860120733273,36.0216850666623
111,112,601,,마이스터RV,이정영,경상북도 영천시 청통면 송천리 473-5번지,경상북도 영천시 청통면 송천리 473-5번지,30203,트레일러 및 세미트레일러 제조업,,캠핑트레일러,3506.0,644.0,청통면,128.817664835843,35.9718256031937
112,113,602,,마이텍스,마진훈,경상북도 영천시 청통면 청통로 211-13 외 1필지,경상북도 영천시 청통면 우천리 630 번지,13104,연사 및 가공사 제조업,054-336-1468,폴리에스텔 가공사,4711.0,2058.02,청통면,128.87015946551,35.9868003178492
113,114,605,,명동산업,문성수,경상북도 영천시 청통면 보성공단길 8,경상북도 영천시 청통면 보성리 538번지,13213,화학섬유직물 직조업,054-335-9695,화섬직물,3131.0,1360.06,청통면,128.845194901069,35.9928777362253
114,115,610,,문성섬유,이종근,경상북도 영천시 화산면 용평리 228-1번지 외 1필지 외 1필지,경상북도 영천시 화산면 용평리 228-1번지,13104,연사 및 가공사 제조업,054-335-4565,연사,1439.0,494.68,화산면,,
115,116,628,,보구자동화,신근영,경상북도 영천시 청통면 금송로 847-53 외 1필지,경상북도 영천시 청통면 송천리 267-1번지,29210,농업 및 임업용 기계 제조업 외 1 종,054-332-7750,병버섯 기계시스템(자동화),4246.0,1715.65,청통면,128.817571860116,35.9818084476877
116,117,629,,보성,조동영,경상북도 영천시 청통면 보성길 134,경상북도 영천시 청통면 보성리 320번지,25929,그 외 기타 금속가공업,,"산업,건설용 케이스 등",1016.0,396.4,청통면,128.848974378584,36.0010879086213
117,118,632,,봉천섬유,서임수,경상북도 영천시 청통면 보성공단길 29,경상북도 영천시 청통면 보성리 544-2번지,13219,특수 직물 및 기타 직물 직조업,054-331-4970,"폴리에스테르,연사",1884.0,1036.0,청통면,128.846190591121,35.9945177125938
118,119,637,,부영연사,위재영,경상북도 영천시 청통면 애련길 28-15,경상북도 영천시 청통면 계포리 258-3,13104,연사 및 가공사 제조업,054-335-6711,연사제품,818.0,422.6,청통면,128.816674185654,35.9980820170813
119,120,638,,부흥섬유,이정숙,경상북도 영천시 청통면 사일로 367-17,경상북도 영천시 청통면 대평리 685번지,13104,연사 및 가공사 제조업,054-331-9490,폴리에스텔임가공,1551.0,947.82,청통면,128.863292015899,35.9657334306799
120,121,639,,비봉섬유,신환준,경상북도 영천시 청통면 송천공단길 15,경상북도 영천시 청통면 송천리 5-4번지,13213,화학섬유직물 직조업,,합성섬유작물,2304.0,1397.38,청통면,128.821268704342,35.9649332431406
121,122,640,,삼광자전거(주),이진호,경상북도 영천시 청통면 금송로 1050 외 5필지,경상북도 영천시 청통면 신학리 507번지,31991,자전거 및 환자용 차량 제조업,054-336-6336,자전거,15105.0,4421.96,청통면,128.820658802929,35.9974371400405
122,123,641,,삼녕영농조합법인,권태봉,경상북도 영천시 신녕면 장수로 2289 ((주)삼녕농산),경상북도 영천시 신녕면 화남리 1360번지,20312,복합비료 및 기타 화학비료 제조업 외 1 종,054-332-1766,유기질비료,3454.0,1598.0,신녕면,128.749460595234,36.083817587009
123,124,643,,삼성유리공업(주),전재석,경상북도 영천시 청통면 관방길 124 외 3필지,경상북도 영천시 청통면 송천리 610-4번지,23129,기타 산업용 유리제품 제조업 외 2 종,054-331-1919,강화유리,20842.0,6127.41,청통면,128.814774420938,35.9791823921038
124,125,652,,삼우엔지니어링(주),진명희,경상북도 영천시 화산면 덕암리 92-1번지,경상북도 영천시 화산면 덕암리 92-1번지,29132,기체 펌프 및 압축기 제조업 외 2 종,054-765-7972,"충전식펌프,유압산업용공구,AC/DC소형모터",3170.0,796.0,화산면,128.837734744177,36.0308588732605
125,126,657,,새양연사,유해진,경상북도 영천시 청통면 보성공단길 22,경상북도 영천시 청통면 보성리 542번지,13109,기타 방적업,054-335-9208,폴리에스텔연사,1460.0,906.5,청통면,128.845980036582,35.9938380186172
126,127,659,,서광섬유,"황정옥,천재우",경상북도 영천시 청통면 신덕1길 7-5,경상북도 영천시 청통면 우천리 521번지,13104,연사 및 가공사 제조업,054-337-1906,연사,1493.0,824.88,청통면,128.866102334887,35.9802586351643
127,128,660,,서광정경,하용도,경상북도 영천시 청통면 사일로 367-15,경상북도 영천시 청통면 대평리 688-3번지,13104,연사 및 가공사 제조업,,폴리에스테르 정경,1551.0,830.92,청통면,128.863211623615,35.9654491239371
128,129,663,영천화산농공단지,서호전설(주),정지률,"경상북도 영천시 화산면 화산공단길 39, 주6동",경상북도 영천시 화산면 유성리 200-16번지 주6동,28114,에너지 저장장치 제조업 외 7 종,054-331-3912,"분전반, 배전반, 자동기제어반, 계장제어장치, 접속반, 프로세스제어반, 영상감시장치, CCTV카메라 등",324.0,324.0,화산면,128.860120733273,36.0216850666623
129,130,664,,서희창호,서경희,경상북도 영천시 청통면 청통로 556-10,경상북도 영천시 청통면 신학리 7-3번지,22229,기타 건축용 플라스틱 조립제품 제조업 외 1 종,054-336-7171,"PVC창문및 문틀,알루미늄샷시문",4862.0,1700.0,청통면,128.83275352269,35.9953110578043
130,131,665,,선테크,윤선규,경상북도 영천시 청통면 보성공단길 32,경상북도 영천시 청통면 보성리 542-1 번지,30399,그 외 자동차용 신품 부품 제조업,054-335-5882,자동차부품,4755.0,1919.55,청통면,128.846500854108,35.9933719772965
131,132,668,,성림기계공업사,임경용,경상북도 영천시 청통면 금송로 1039,경상북도 영천시 청통면 계포리 239-2번지,29299,그 외 기타 특수목적용 기계 제조업 외 1 종,054-336-0127,인조잔디 제조기계,972.0,398.43,청통면,128.819259598297,35.9967124501575
132,133,671,,성심정밀(주),이두형,경상북도 영천시 청통면 신학리 520-6번지 외 8필지,경상북도 영천시 청통면 신학리 520-6번지,30320,자동차 차체용 신품 부품 제조업 외 1 종,054-338-6988,자동차부품철판브라켓류,9321.0,3214.56,청통면,128.82257549903,35.9959287025383
133,134,676,,성일이엔지,임태순,경상북도 영천시 청통면 사일로 543-10 외 1필지,경상북도 영천시 청통면 우천리 산 214번지 ,25113,육상 금속 골조 구조재 제조업 외 1 종,054-337-0240,철강재구조물,5034.0,1104.0,청통면,128.863537763609,35.9803542851716
134,135,679,,성하물류,윤석찬,경상북도 영천시 청통면 청통로 541 외 1필지,경상북도 영천시 청통면 신학리 30-1번지,25119,기타 구조용 금속제품 제조업,054-333-3056,"파레트,철구조물",9391.0,1718.0,청통면,128.834253195798,35.9935854288261
135,136,687,,세웅섬유,방종근,경상북도 영천시 청통면 송천공단길 29,경상북도 영천시 청통면 송천리 5-5번지,13219,특수 직물 및 기타 직물 직조업,054-336-6679,화섬직물,2693.0,2255.03,청통면,128.820054436482,35.965141532523
136,137,688,,세진산업(주),전미진,경상북도 영천시 신녕면 신덕리 311-5번지,경상북도 영천시 신녕면 신덕리 311-5번지,17221,종이 포대 및 가방 제조업,054-332-9426,과일재배용 봉지,1989.0,1600.14,신녕면,128.80677423617,36.0393544264608
137,138,689,,세진테크,손해진,경상북도 영천시 청통면 청통로 286 외 1필지,경상북도 영천시 청통면 우천리 997-15 외 1필지,25111,"금속 문, 창, 셔터 및 관련제품 제조업 외 3 종",054-333-8654,"금속문, 행가도어, 플라스틱 창호, 철구조물",8681.0,2698.0,청통면,,
138,139,690,,세창산업,정진섭,경상북도 영천시 청통면 송천리 761번지,경상북도 영천시 청통면 송천리 761번지,22299,그 외 기타 플라스틱 제품 제조업,,플라스틱사출가공품,1851.0,498.0,청통면,128.809626366171,35.9786910379779
139,140,694,,소영섬유,김만자,경상북도 영천시 청통면 송천공단길 9,경상북도 영천시 청통면 송천리 5-11,13223,커튼 및 유사제품 제조업,054-336-3560,커텐,1765.0,1171.93,청통면,128.822133473443,35.9649417378243
140,141,695,,소영정경,박종학,경상북도 영천시 청통면 송천리 산 54-8번지,경상북도 영천시 청통면 송천리 산 54-8번지,13104,연사 및 가공사 제조업,054-336-3560,연사,766.0,510.1,청통면,,
141,142,696,,소통,양현아,경상북도 영천시 청통면 청통로 782,경상북도 영천시 청통면 계포리 399-1번지,14199,그 외 기타 봉제의복 제조업,053-426-7766,"마스크, 천연염색디자인 봉제",1204.0,294.84,청통면,128.809266941677,35.9942744197653
142,143,703,,승일제대(주),전미진,경상북도 영천시 신녕면 신정길 107,경상북도 영천시 신녕면 신덕리 310-1번지,17221,종이 포대 및 가방 제조업,,과일재배용봉지,3306.0,1433.84,신녕면,128.80665796319,36.0391213552685
143,144,705,,신동산석류비누,조진욱,경상북도 영천시 신녕면 신화로 68-6,경상북도 영천시 신녕면 화성리 363-0번지,20422,"치약, 비누 및 기타 세제 제조업",054-336-4977,비누,800.0,334.4,신녕면,128.795200888479,36.0453562055815
144,145,706,,신명,배영희,경상북도 영천시 청통면 송천리 642-2번지 외 1필지,경상북도 영천시 청통면 송천리 642-2번지 ,17211,골판지 제조업 외 1 종,054-335-1226,골판지 상자,4092.0,1060.0,청통면,128.812043861767,35.9809953186075
145,146,708,,신성산업(주),김성태,경상북도 영천시 화산면 삼부리 357-4번지 외 1필지,경상북도 영천시 화산면 삼부리 357-4번지,30320,자동차 차체용 신품 부품 제조업 외 1 종,054-336-8700,자동차부품(버라켓트),4990.0,2049.69,화산면,128.875825241695,36.0092540623844
146,147,713,,신원유통가공,김현자,경상북도 영천시 신녕면 관기길 113,경상북도 영천시 신녕면 화성리 280번지,10129,육류 기타 가공 및 저장처리업 (가금류 제외) 외 1 종,,통닭 절단품,1000.0,200.8,신녕면,128.798787178987,36.0408929564589
147,148,715,,신일종합농기계,김경호,경상북도 영천시 청통면 대동로 420,경상북도 영천시 청통면 치일리 310-0,29210,농업 및 임업용 기계 제조업,,분무기,1639.0,495.8,청통면,128.802036693597,35.9908951381297
148,149,720,,신흥농산,홍해식,경상북도 영천시 청통면 거조길 34 외 1필지,경상북도 영천시 청통면 계지리 715,10309,기타 과실ㆍ채소 가공 및 저장 처리업,,절단마늘,2947.0,1591.98,청통면,128.806310605734,36.0114986972805
149,150,724,,쓰리엠맘,박준우,경상북도 영천시 화산면 장수로 620,경상북도 영천시 화산면 삼부리 231-2번지,10309,기타 과실ㆍ채소 가공 및 저장 처리업,,액상차,2030.0,1122.4,화산면,128.880993302896,36.0046685933778
150,151,726,,씨티에스(주),석준수,경상북도 영천시 청통면 송천리 269번지,경상북도 영천시 청통면 송천리 269번지,29174,기체 여과기 제조업,,공기정화기(소형집진기),3361.0,660.0,청통면,128.816408259294,35.9824056590769
151,152,753,,엔더블유이엔씨,이정화,경상북도 영천시 청통면 송천리 367-1번지 외 3필지,경상북도 영천시 청통면 송천리 367-1번지,25113,육상 금속 골조 구조재 제조업 외 1 종,,조립식철재비계,6532.0,2163.8,청통면,128.815872970043,35.9727526663323
152,153,758,,엘케이(LK)산업,이권용,경상북도 영천시 청통면 보성공단길 31-7 (총 3 필지) 외 2필지,경상북도 영천시 청통면 보성리 544-1번지,30399,그 외 자동차용 신품 부품 제조업 외 3 종,,자동차방음 및 단열재(부직포),2929.0,993.5,청통면,128.846244847941,35.9949805775446
153,154,762,영천화산농공단지,영남산기,변용성,경상북도 영천시 화산면 화산공단길 39,경상북도 영천시 화산면 유성리 200-16번지,29131,액체 펌프 제조업 외 1 종,054-337-0311,펌프,5517.0,1454.01,화산면,128.860120733273,36.0216850666623
154,155,767,,영신도정공장,김태흔,경상북도 영천시 화산면 구성길 23-38 외 1필지,경상북도 영천시 화산면 유성리 235-2번지,10611,곡물 도정업,054-335-8800,곡물도정,8139.0,4254.72,화산면,128.862474092907,36.019326349992
155,156,770,,영진글로벌,정순희,경상북도 영천시 청통면 애련리 351번지,경상북도 영천시 청통면 애련리 351번지,13104,연사 및 가공사 제조업,,원사 임가공,2595.0,983.2,청통면,128.802278232616,35.9960524441001
156,157,771,,영진산업,이명자,경상북도 영천시 청통면 사일로 575,경상북도 영천시 청통면 우천리 532-1번지,13104,연사 및 가공사 제조업,054-336-0558,연사,2061.0,632.14,청통면,128.86513379379,35.982673115644
157,158,786,,영화훼라이트(주),오창훈,경상북도 영천시 화산면 장수로 1110-4 외 2필지,경상북도 영천시 화산면 연계리 621-7번지,26299,그 외 기타 전자부품 제조업 외 1 종,054-335-2580,훼라이트코어,10870.0,5143.44,화산면,128.836710318639,36.0212489033679
158,159,789,,예건정밀,이왕구,경상북도 영천시 청통면 송천리 578번지,경상북도 영천시 청통면 송천리 578번지,30399,그 외 자동차용 신품 부품 제조업 외 3 종,,자동차엔진오일순환용 관,886.0,353.01,청통면,128.814803258072,35.9769851742615
159,160,794,,온리허브,상희선,경상북도 영천시 청통면 애련리 389번지 외 1필지,경상북도 영천시 청통면 애련리 389번지,10309,기타 과실ㆍ채소 가공 및 저장 처리업 외 1 종,,"돼지감자차,대추차,한방차",544.0,214.27,청통면,128.797839128193,36.0001368801733
160,161,801,,우림섬유,조현미,경상북도 영천시 청통면 월평길 1,경상북도 영천시 청통면 우천리 1103-1번지,13104,연사 및 가공사 제조업,054-337-9450,연사,1426.0,793.95,청통면,128.864599819095,35.9859312789495
161,162,806,,우신텍스(TEX),전경호,경상북도 영천시 화산면 석촌1길 10,경상북도 영천시 화산면 삼부리 347-4번지,13104,연사 및 가공사 제조업,,연사,2783.0,1338.83,화산면,128.876363630769,36.0082227301336
162,163,810,,우천산업,박진숙,경상북도 영천시 청통면 어부길 50-12 (총 3 필지) 외 2필지,경상북도 영천시 청통면 우천리 799-0번지,38321,비금속류 해체 및 선별업 외 1 종,054-337-1320,HIPS칩,2025.0,844.26,청통면,128.865686267684,35.9917082786182
163,164,815,,월드허브(주),정동익,경상북도 영천시 화산면 장수로 675,경상북도 영천시 화산면 삼부리 350-1번지,21220,한의약품 제조업,054-334-1715,감초 등,800.0,280.0,화산면,128.876761137763,36.0084018615589
164,165,818,,웰리온소금,박미성,경상북도 영천시 신녕면 장수로 1446-11,경상북도 영천시 신녕면 완전리 70-3번지,10741,"식초, 발효 및 화학 조미료 제조업 외 1 종",054-336-5555,"조제소금,감미용조제품",4084.0,1849.16,신녕면,128.80265756473,36.0302402470909
165,166,819,,웰빙고(주),김성현,경상북도 영천시 청통면 청통로 646-18 외 2필지,경상북도 영천시 청통면 신학리 526-6 ,28511,주방용 전기기기 제조업 외 1 종,053-856-8777,"현미 발아기, 현미 누룽지",2709.0,493.5,청통면,128.822500948655,35.9965535715178
166,167,829,,유진연사,유성곤,경상북도 영천시 청통면 청통로 86,경상북도 영천시 청통면 우천리 67-1번지,13104,연사 및 가공사 제조업,054-332-1152,연사제조,3564.0,1149.58,청통면,128.878990047522,35.9960469041983
167,168,833,,유티씨우주산업(주),이성순,경상북도 영천시 청통면 보성공단길 14 외 1필지,경상북도 영천시 청통면 보성리 540,29193,분사기 및 소화기 제조업,032-812-3689,세륜기,4267.0,727.02,청통면,128.845653469742,35.9932330077137
168,169,840,,이엠티(EMT),예종락,경상북도 영천시 청통면 계포리 305번지,경상북도 영천시 청통면 계포리 305번지,29199,그 외 기타 일반목적용 기계 제조업 외 2 종,054-336-3799,"Steel, Moter 등",1655.0,532.65,청통면,128.810410748518,35.9952995442202
169,170,841,,인지조형디자인,정동주,경상북도 영천시 청통면 신학리 504번지,경상북도 영천시 청통면 신학리 504번지,33910,간판 및 광고물 제조업 외 1 종,,조형물,2114.0,427.4,청통면,128.821875826517,35.9968694413536
170,171,845,,자연수,구대웅,경상북도 영천시 청통면 청통로 646-2,경상북도 영천시 청통면 신학리 538,13229,기타 직물제품 제조업,,마스크,1517.0,493.5,청통면,128.824915457255,35.9956993829055
171,172,859,,조양향당,조숙자,경상북도 영천시 청통면 신원길 134,경상북도 영천시 청통면 신원리 319번지,20424,표면광택제 및 실내가향제 제조업,054-336-3071,향,2109.0,433.2,청통면,128.789302312852,36.0234613636588
172,173,860,,조에허브(주),조선미,경상북도 영천시 화산면 구성길 64,경상북도 영천시 화산면 당곡리 172-3번지,10792,차류 가공업,054-331-5377,"임,농산물 식품",3043.0,1461.94,화산면,128.866644153851,36.0242901637116
173,174,863,,종합맨홀스틸산업,김경호,경상북도 영천시 화산면 덕암길 28 (종합맨홀스틸산업(주)) 외 1필지,경상북도 영천시 화산면 덕암리 548-43번지,24311,선철주물 주조업,054-336-0022,주철맨홀,0.0,977.76,화산면,128.829532294402,36.0265891975365
174,175,867,,주식회사 대영산업,권태응,경상북도 영천시 화산면 가일길 20-18,경상북도 영천시 화산면 연계리 337-3번지,22211,"플라스틱 선, 봉, 관 및 호스 제조업 외 1 종",054-336-5575,"PE수도관 및 하수관, 결합형 연결구",4932.0,1853.83,화산면,128.842243342703,36.0212126682096
175,176,874,,주식회사 서원테크,민기훈,경상북도 영천시 신녕면 완전공단길 9-12,경상북도 영천시 신녕면 완전리 700-2번지,13104,연사 및 가공사 제조업 외 1 종,053-963-7950,복합사 섬유,6505.0,3451.71,신녕면,128.793596482073,36.0388475897898
176,177,877,,주식회사 신진알앤씨,신영봉,경상북도 영천시 청통면 청통로 211-9,경상북도 영천시 청통면 우천리 631번지,22199,그 외 기타 고무제품 제조업,054-337-1076,"고무배수로뚜껑, 고무블럭",1593.0,443.88,청통면,128.870390278915,35.9872501449115
177,178,878,,주식회사 아린,채우열,경상북도 영천시 청통면 용내길 67-25,경상북도 영천시 청통면 계지리 297-30번지,22251,폴리스티렌 발포 성형제품 제조업,054-336-7811,건축자재용 스티로폼,1653.0,608.0,청통면,128.819619594552,36.0060664500787
178,179,895,,주식회사 키움,서재덕,경상북도 영천시 청통면 봉수길 63,경상북도 영천시 청통면 보성리 771-1,25112,구조용 금속 판제품 및 공작물 제조업,,"알루미늄 사출 성형, 알루미늄 구조물",0.0,399.0,청통면,128.834736913728,35.9983066810932
179,180,896,,주식회사 태봉,김춘희,경상북도 영천시 청통면 청통로 428-27 외 2필지,경상북도 영천시 청통면 보성리 546-8,25999,그 외 기타 분류 안된 금속 가공 제품 제조업,054-336-1498,금속파렛트,6545.0,1702.81,청통면,128.848327425982,35.9927642596292
180,181,903,영천화산농공단지,지에스산업,김동조,경상북도 영천시 화산면 화산공단길 26,경상북도 영천시 화산면 유성리 200-8,29210,농업 및 임업용 기계 제조업,,"과수용 살포기, 과수수확운반차",0.0,921.1,화산면,128.861841320975,36.0201613899076
181,182,906,,지풍영농조합법인,신상옥,경상북도 영천시 신녕면 화서리 288번지 외 1필지,경상북도 영천시 신녕면 화서리 288번지,20312,복합비료 및 기타 화학비료 제조업 외 1 종,054-336-6652,유기질비료,2865.0,604.3,신녕면,128.737827891948,36.0901676574953
182,183,910,,진송텍스,허진만,경상북도 영천시 청통면 사일로 594-7,경상북도 영천시 청통면 우천리 607번지,13104,연사 및 가공사 제조업,054-332-8818,연사 편직,2314.0,1003.4,청통면,128.865147093584,35.9850559238177
183,184,925,,천일수지,이순희,경상북도 영천시 청통면 청통로 556-6,경상북도 영천시 청통면 신학리 13-1번지,38321,비금속류 해체 및 선별업 외 1 종,054-336-0317,플라스틱재생칩,1628.0,498.97,청통면,128.833211375145,35.9952107968961
184,185,926,,청산기업,이애희,경상북도 영천시 청통면 청통로 541-2,경상북도 영천시 청통면 신학리 28-3번지,16229,기타 건축용 나무제품 제조업 외 1 종,,"조경시설물 목재 및 데크, 철재 관",4813.0,1168.26,청통면,128.836186009423,35.9932896692018
185,186,929,,청호유비,이석기,경상북도 영천시 청통면 호당2길 14,경상북도 영천시 청통면 호당리 567-0번지,20312,복합비료 및 기타 화학비료 제조업 외 1 종,054-333-4844,비료,2179.0,585.0,청통면,128.896195773539,35.994797327739
186,187,932,,충력시스템,조성완,경상북도 영천시 청통면 송천리 271번지 외 1필지,경상북도 영천시 청통면 송천리 271번지,25113,육상 금속 골조 구조재 제조업,054-337-5236,조립식 철재 비개,3598.0,975.88,청통면,128.815854518598,35.9827799783313
187,188,933,,치산영농조합법인,고봉수,경상북도 영천시 신녕면 치산리 956번지 외 7필지,경상북도 영천시 신녕면 치산리 956번지,20312,복합비료 및 기타 화학비료 제조업 외 1 종,054-337-0500,유기질 비료,10420.0,4084.0,신녕면,128.712720610359,36.0634277238791
188,189,935,,케이비바이오,조은숙,경상북도 영천시 청통면 금송로 1050,경상북도 영천시 청통면 신학리 507,20311,"질소화합물, 질소, 인산 및 칼리질 화학비료 제조업 외 2 종",054-337-2115,비료,0.0,324.0,청통면,128.820658802929,35.9974371400405
189,190,938,,코리아스틸폼(주),오성근,경상북도 영천시 청통면 금송로 847-54 외 1필지,경상북도 영천시 청통면 원촌리 462-4번지,25113,육상 금속 골조 구조재 제조업 외 1 종,,거푸집,0.0,480.0,청통면,128.818316849312,35.9829809242437
190,191,945,,태성기공,김태원,경상북도 영천시 청통면 용내길 67-28 외 1필지,경상북도 영천시 청통면 계지리 297-22번지,30201,차체 및 특장차 제조업,054-336-9588,특장차 및 트레일러 부품,3629.0,2235.08,청통면,128.819881010894,36.0066560316407
191,192,955,,토담집농원,양 용,경상북도 영천시 화산면 당지리 499-1번지,경상북도 영천시 화산면 당지리 499-1번지,10743,장류 제조업,,메주,310.0,73.0,화산면,128.835919696252,36.073011032322
192,193,957,,토탈맨홀,오상석,경상북도 영천시 화산면 덕암길 28 (종합맨홀스틸산업(주)) 외 1필지,경상북도 영천시 화산면 덕암리 548-43번지,24311,선철주물 주조업,,맨홀(하수구뚜껑),3163.0,452.7,화산면,128.829532294402,36.0265891975365
193,194,960,,팀시스템,서성국,경상북도 영천시 청통면 청통로 646-9,경상북도 영천시 청통면 신학리 531번지,22223,플라스틱 창호 제조업,054-336-9078,플라스틱 창호,1652.0,493.5,청통면,128.823903527931,35.9964222246953
194,195,961,,파란들,최은혜,경상북도 영천시 화산면 가래실로 86-5 외 1필지,경상북도 영천시 화산면 삼부리 74-1번지,10619,기타 곡물 가공품 제조업,054-336-9091,누룽지,731.0,419.97,화산면,128.883955768381,36.0094662967302
195,196,967,영천화산농공단지,평산실업,신관식,경상북도 영천시 화산면 화산공단길 8,경상북도 영천시 화산면 유성리 200-6번지,13104,연사 및 가공사 제조업,054-335-1505,"분섬사,가연사",10294.0,5213.39,화산면,128.861475292452,36.018794363924
196,197,968,,포스에코(주),김재환,경상북도 영천시 화산면 장수로 730-9 외 1필지,경상북도 영천시 화산면 삼부리 421-1,25113,육상 금속 골조 구조재 제조업 외 2 종,054-333-8883,철구조물,5972.0,1914.0,화산면,128.876520979951,36.0140082754773
197,198,977,,한국기계,백성기,경상북도 영천시 청통면 청통로 646-1,경상북도 영천시 청통면 신학리 538-10번지,29210,농업 및 임업용 기계 제조업,054-333-7806,농업용 자동화 기계,1649.0,493.5,청통면,128.823940487515,35.9958555966006
198,199,980,,한국열연(주),이구영,경상북도 영천시 화산면 장수로 703,경상북도 영천시 화산면 삼부리 357-2번지,28119,기타 전기 변환장치 제조업 외 1 종,054-333-9991,고주파유도가열장치,8395.0,2764.84,화산면,128.876496956223,36.0097860933068
199,200,982,,한국특수인삼(주),김분순,경상북도 영천시 청통면 신학길 19,경상북도 영천시 청통면 신학리 291번지,11209,기타 비알코올 음료 제조업,02-764-1389,증류식품,640.0,154.0,청통면,128.827540208999,35.996082655414
200,201,984,,한백주식회사,박병곤,경상북도 영천시 청통면 애련길 140,경상북도 영천시 청통면 애련리 99-3,23119,기타 판유리 가공품 제조업,054-335-6205,건축용 복층유리 및 강화유리,18888.0,3533.88,청통면,128.806415251564,35.9993070386997
201,202,990,영천화산농공단지,한양실업,노도윤,경상북도 영천시 화산면 화산공단길 26,경상북도 영천시 화산면 유성리 200-8번지,20203,혼성 및 재생 플라스틱 소재 물질 제조업,054-336-4423,플라스틱재생원료(chip),1400.0,1400.0,화산면,128.861841320975,36.0201613899076
202,203,992,,한울푸드,"박규섭, 최윤지",경상북도 영천시 청통면 관방길 153-20,경상북도 영천시 청통면 송천리 754,10309,기타 과실ㆍ채소 가공 및 저장 처리업,053-214-5000,"고구마스틱, 고구마 말랭이",4565.0,4457.58,청통면,128.808671851875,35.9804497774707
203,204,994,,한일산업,노태길,경상북도 영천시 화산면 가일길 20-11 외 1필지,경상북도 영천시 화산면 연계리 337-1번지,38321,비금속류 해체 및 선별업 외 1 종,,섬우파사 재생칩,2133.0,848.1,화산면,128.841120376007,36.0209171517614
204,205,1002,,현준정공,정호야,경상북도 영천시 청통면 송천리 473-2번지 외 4필지,경상북도 영천시 청통면 송천리 473-2번지,29294,주형 및 금형 제조업,,금형,7264.0,2611.86,청통면,128.817754649336,35.9724791589519
205,206,1004,,형인산업,서봉균,경상북도 영천시 청통면 신원길 136-16,경상북도 영천시 청통면 신원리 318-1,38322,비금속류 원료 재생업,,재생칩,2420.0,349.94,청통면,128.790159650019,36.0223286860206
206,207,1005,,형제섬유,하영진,경상북도 영천시 신녕면 신화로 68-17 (형제섬유),경상북도 영천시 신녕면 화성리 207번지,13213,화학섬유직물 직조업,054-332-4139,인조섬유직물,2346.0,1039.63,신녕면,128.796404929068,36.0450510787559
207,208,1008,,혜원영농조합법인,이영은,경상북도 영천시 청통면 청통로 428-5,경상북도 영천시 청통면 보성리 552-3 번지,16101,일반 제재업,,"각재, 판재",16702.0,1982.07,청통면,128.846756710662,35.9924754190335
208,209,1011,영천화산농공단지,화산비닐,정문혁,경상북도 영천시 화산면 화산공단길 32,경상북도 영천시 화산면 유성리 200-12,22231,"플라스틱 포대, 봉투 및 유사제품 제조업",,비닐,5100.0,784.4,화산면,128.861510910947,36.0206477888992
209,210,1012,,화산석재,이재호,경상북도 영천시 화산면 장수로 1067,경상북도 영천시 화산면 용평리 75-3번지,23919,기타 석제품 제조업,054-335-1150,석재제조,1291.0,224.38,화산면,128.840061867482,36.0187760216927
210,211,1013,,화산약초영농조합법인,이상원,경상북도 영천시 청통면 우천리 95번지 외 2필지,경상북도 영천시 청통면 우천리 95번지,10309,기타 과실ㆍ채소 가공 및 저장 처리업,054-337-0091,한약재(가공),5020.0,1977.03,청통면,128.87788435395,35.9941366256946
211,212,1014,,화산약초영농조합법인,이상원,경상북도 영천시 청통면 우천리 93-1번지,경상북도 영천시 청통면 우천리 93-1번지,10309,기타 과실ㆍ채소 가공 및 저장 처리업,054-337-0091,가공식품(농축원액 등),1814.0,324.0,청통면,128.879202340716,35.9950727505539
